nickname,pet_name,pet_type1,pet_type2,pet_weight,pet_age,trouble1,trouble2,trouble3
flex,flex,1,말티즈,6,7,비만,알러지,치아/구강
Roy,Roy,1,푸들,2.5,1,뼈/관절,,
가람,가람,0,샴,6.5,9,노령,신장/요로,호흡기
가루,가루,1,레브라도 리트리버,18,1,피부/모질,,
가온2,가온2,1,푸들,4.5,4,치아/구강,눈/귀,
가위,가위,0,시베리안,2.4,2,뼈/관절,,
가을1,가을1,1,믹스견,13,1,장,,
가을4,가을4,1,말티즈,3,18,노령,장,
가을이,가을이,1,말티즈,3,4,비만,뼈/관절,장
가지1,가지1,1,웰시 코기,6,1,호흡기,뼈/관절,비만
가지3,가지3,1,보스턴 테리어,11,5,피부/모질,,
가지4,가지4,1,말티즈,2,19,노령,치아/구강,뼈/관절
가타,가타,1,기타,13,6,비만,심장,행동
간장이,간장이,0,러시안 블루,5.7,1,비만,피부/모질,
감자1,감자1,1,말티즈,3,1,알러지,눈/귀,
감자3,감자3,0,샴,7.6,10,노령,신장/요로,치아/구강
갑돌이1,갑돌이1,1,기타,4.3,3,노령,,
갑돌이2,갑돌이2,1,기타,4,6,노령,,
강낭콩,강낭콩,1,퍼그,5,4,피부/모질,,
강산,강산,1,포메라니안,3,5,뼈/관절,,
강오이,강오이,1,치와와,2.89,1,장,피부/모질,뼈/관절
강이1,강이1,1,푸들,7,5,행동,,
강이2,강이2,0,페르시안,3,15,노령,치아/구강,눈/귀
강지2,강지2,1,치와와,3,4,눈/귀,호흡기,뼈/관절
건웅이,건웅이,0,아메리칸 쇼트헤어,6,9,비만,장,뼈/관절
겨울이1,겨울이1,1,비숑 프리제,5,1,알러지,장,눈/귀
견우,견우,1,프렌치 불독,14,2,치아/구강,호흡기,뼈/관절
계단이,계단이,0,샴,2.4,2,피부/모질,,
고구마1,고구마1,0,러시안 블루,2.3,2,행동,,
고구마2,고구마2,1,푸들,5,6,비만,장,뼈/관절
고래2,고래2,1,푸들,5,6,장,노령,치아/구강
곤잘레스,곤잘레스,0,코리안 쇼트헤어,4,1,치아/구강,눈/귀,호흡기
곰곰이,곰곰이,1,기타,9,10,노령,당뇨,눈/귀
곰순이,곰순이,1,믹스견,9,4,알러지,눈/귀,피부/모질
곰이,곰이,1,시츄,5.9,4,알러지,피부/모질,눈/귀
공기,공기,1,시츄,5.9,4,알러지,피부/모질,눈/귀
공주1,공주1,1,시츄,3,2,비만,행동,피부/모질
공주2,공주2,1,말티즈,2.7,2,피부/모질,,
공주3,공주3,1,말티즈,6,4,알러지,치아/구강,노령
공주4,공주4,1,말티즈,5,4,장,행동,눈/귀
광복,광복,1,파피용,4,5,치아/구강,피부/모질,
구띄,구띄,1,닥스훈트,3,2,알러지,신장/요로,뼈/관절
구름1,구름1,1,비숑 프리제,6,3,알러지,치아/구강,
구름2,구름2,1,말티즈,4,4,알러지,뼈/관절,
구름3,구름3,1,말티즈,4,7,알러지,장,피부/모질
구름4,구름4,0,터키시 앙고라,6,9,노령,신장/요로,치아/구강
구름7,구름7,1,말티즈,3,16,장,심장,눈/귀
구름이1,구름이1,1,말티즈,2,2,눈/귀,뼈/관절,
구름이3,구름이3,1,말티즈,3,8,치아/구강,눈/귀,
구름이4,구름이4,1,믹스견,4,9,행동,,
구슬,구슬,0,코리안 쇼트헤어,4,6,행동,,
구월이,구월이,1,말티즈,4,7,노령,알러지,뼈/관절
구찌,구찌,1,푸들,3.5,2,뼈/관절,,
구피,구피,1,시츄,5,14,노령,알러지,뼈/관절
권쏭,권쏭,0,코리안 쇼트헤어,3.6,11,노령,치아/구강,뼈/관절
귀뚱이1,귀뚱이1,0,코리안 쇼트헤어,6,5,비만,피부/모질,뼈/관절
귀뚱이2,귀뚱이2,0,코리안 쇼트헤어,5.5,6,노령,뼈/관절,피부/모질
귀리,귀리,0,코리안 쇼트헤어,2,1,호흡기,,
귀염둥이,귀염둥이,1,포메라니안,30,3,알러지,뼈/관절,피부/모질
그레이2,그레이2,0,기타,2.5,3,알러지,,
그렘,그렘,0,샴,4,3,장,,
금동이1,금동이1,1,치와와,3,6,눈/귀,,
금동이2,금동이2,1,믹스견,10,13,노령,치아/구강,피부/모질
금동이3,금동이3,1,푸들,6,14,노령,치아/구강,
금실,금실,1,웰시 코기,15,3,눈/귀,,
기쁨이,기쁨이,0,믹스묘,3,4,노령,알러지,
길란,길란,1,기타,15,8,노령,,
길쭉이,길쭉이,1,닥스훈트,6,4,치아/구강,,
김구름,김구름,1,말티즈,2,3,눈/귀,,
김냥이,김냥이,0,코리안 쇼트헤어,4.6,13,노령,,
김냥준,김냥준,0,코리안 쇼트헤어,4.3,1,행동,피부/모질,
김베리,김베리,1,치와와,3,5,알러지,,
김복순,김복순,1,말티즈,1.6,13,치아/구강,노령,장
김북동,김북동,1,믹스견,6.2,1,알러지,눈/귀,
김영웅,김영웅,0,코리안 쇼트헤어,5,4,치아/구강,,
김우기,김우기,1,치와와,3,11,노령,치아/구강,뼈/관절
김조이,김조이,1,기타,5,4,눈/귀,뼈/관절,피부/모질
김종국,김종국,0,러시안 블루,4.5,3,피부/모질,,
김지순,김지순,1,닥스훈트,10,8,비만,노령,행동
까까,까까,0,믹스묘,4.6,4,눈/귀,,
까꿍,까꿍,0,샴,6,5,피부/모질,,
까꿍이,까꿍이,1,포메라니안,3,4,행동,치아/구강,뼈/관절
까롱,까롱,0,코리안 쇼트헤어,5,3,비만,치아/구강,
까망이1,까망이1,0,코리안 쇼트헤어,7.5,9,노령,비만,치아/구강
까망이2,까망이2,1,푸들,3,9,노령,알러지,치아/구강
까무,까무,0,코리안 쇼트헤어,6,5,비만,신장/요로,치아/구강
까미1,까미1,0,아메리칸 쇼트헤어,2.5,2,행동,,
까미11,까미11,1,요크셔테리어,14,7,치아/구강,뼈/관절,
까미12,까미12,1,믹스견,9,8,노령,치아/구강,피부/모질
까미14,까미14,1,믹스견,5,15,노령,치아/구강,피부/모질
까미3,까미3,0,믹스묘,3,4,비만,장,피부/모질
까미4,까미4,0,러시안 블루,6,4,비만,장,치아/구강
까미5,까미5,0,코리안 쇼트헤어,2.5,5,치아/구강,,
까미6,까미6,1,푸들,6,5,눈/귀,뼈/관절,
까미7,까미7,0,코리안 쇼트헤어,3.5,5,치아/구강,,
까미8,까미8,0,믹스묘,8,5,비만,장,행동
까미9,까미9,0,코리안 쇼트헤어,3,5,치아/구강,,
까비2,까비2,1,말티즈,3,5,알러지,장,
까비3,까비3,1,푸들,3,9,노령,치아/구강,호흡기
깐순이,깐순이,1,요크셔테리어,3,13,노령,뼈/관절,
깜,깜,1,그레이하운드,5,5,행동,치아/구강,뼈/관절
깜노리,깜노리,1,파피용,5,5,뼈/관절,,
깜둥,깜둥,1,믹스견,5,12,노령,알러지,치아/구강
깜디1,깜디1,1,보더 콜리,9,9,노령,신장/요로,치아/구강
깜디2,깜디2,1,페키니즈,2,15,심장,,
깜별이,깜별이,0,코리안 쇼트헤어,6,8,신장/요로,치아/구강,피부/모질
깜시,깜시,1,퍼그,4,3,뼈/관절,,
깜장콩,깜장콩,0,코리안 쇼트헤어,5,3,알러지,호흡기,
깜지,깜지,1,믹스견,4,6,비만,알러지,뼈/관절
깜콩,깜콩,1,요크셔테리어,3,8,비만,신장/요로,뼈/관절
깡냉이,깡냉이,0,코리안 쇼트헤어,4,10,노령,비만,
깡둥이,깡둥이,0,코리안 쇼트헤어,4,1,행동,눈/귀,
깡이,깡이,0,아비시니안,5,4,행동,,
깡통이,깡통이,1,푸들,18,3,비만,알러지,
깨몽이,깨몽이,1,포메라니안,1.5,10,피부/모질,눈/귀,
꼬기2,꼬기2,1,웰시 코기,8,3,행동,,
꼬꼬,꼬꼬,0,코리안 쇼트헤어,7.2,11,노령,알러지,치아/구강
꼬마1,꼬마1,1,말티즈,3,1,비만,뼈/관절,호흡기
꼬마2,꼬마2,0,먼치킨,6.5,3,비만,신장/요로,뼈/관절
꼬마4,꼬마4,1,푸들,5,8,노령,장,뼈/관절
꼬망1,꼬망1,0,코리안 쇼트헤어,1,1,장,,
꼬맹이1,꼬맹이1,1,믹스견,6,5,비만,치아/구강,뼈/관절
꼬맹이2,꼬맹이2,0,기타,5,8,노령,비만,신장/요로
꼬물이2,꼬물이2,0,코리안 쇼트헤어,6,5,비만,장,치아/구강
꼬미1,꼬미1,1,믹스견,1,1,행동,,
꼬미3,꼬미3,1,말티즈,5,3,비만,알러지,장
꼬미5,꼬미5,0,믹스묘,3,4,비만,,
꼬봉이,꼬봉이,0,스코티시 폴드,2,1,피부/모질,,
꼼,꼼,1,말티즈,9,8,비만,신장/요로,치아/구강
꽁꽁,꽁꽁,1,말티즈,3,10,노령,비만,호흡기
꽁이1,꽁이1,0,아메리칸 쇼트헤어,3,2,행동,,
꽁이2,꽁이2,0,먼치킨,3,2,뼈/관절,,
꽁이4,꽁이4,1,말티즈,4,5,행동,,
꽁이5,꽁이5,1,말티즈,3,7,알러지,치아/구강,뼈/관절
꽃비,꽃비,1,포메라니안,3,14,노령,호흡기,뼈/관절
꾸,꾸,1,웰시 코기,5,3,눈/귀,,
꾸또,꾸또,0,믹스묘,3.5,6,알러지,,
꾸미1,꾸미1,1,믹스견,3.5,9,치아/구강,,
꾸미3,꾸미3,1,믹스견,3.7,9,행동,,
꾸미4,꾸미4,1,말티즈,5,13,노령,비만,뼈/관절
꾸터,꾸터,1,시츄,2.9,2,치아/구강,,
꿀쫄이,꿀쫄이,0,벵갈,6,5,장,치아/구강,피부/모질
꿈이,꿈이,1,기타,4,9,노령,비만,호흡기
끼,끼,1,시츄,5,9,노령,눈/귀,뼈/관절
낑깡2,낑깡2,1,말티즈,4,13,노령,알러지,피부/모질
나나3,나나3,1,믹스견,3.4,1,행동,,
나나4,나나4,1,말티즈,3.4,2,행동,,
나나6,나나6,1,말티즈,2,3,눈/귀,뼈/관절,
나로,나로,1,믹스견,12,3,장,행동,치아/구강
나리2,나리2,1,푸들,4,9,노령,치아/구강,피부/모질
나리3,나리3,0,코리안 쇼트헤어,6,10,노령,치아/구강,눈/귀
나무4,나무4,1,닥스훈트,3,4,치아/구강,뼈/관절,
나무5,나무5,1,푸들,4,8,노령,행동,치아/구강
나비2,나비2,0,믹스묘,2.47,2,피부/모질,,
나비3,나비3,0,스코티시 폴드,1.5,2,비만,알러지,장
나비4,나비4,0,믹스묘,7,3,장,치아/구강,
나비5,나비5,0,샴,6,3,피부/모질,,
나비6,나비6,0,노르웨이숲,4,4,장,당뇨,치아/구강
나비7,나비7,0,러시안 블루,6,4,행동,치아/구강,
나비8,나비8,0,코리안 쇼트헤어,2,5,피부/모질,,
나비9,나비9,0,믹스묘,5,11,노령,,
나옹,나옹,0,믹스묘,4,7,행동,,
나쵸,나쵸,1,치와와,4,3,비만,뼈/관절,
낙이,낙이,0,코리안 쇼트헤어,3,5,눈/귀,뼈/관절,피부/모질
난이,난이,0,터키시 앙고라,6,7,비만,,
낭먀,낭먀,0,페르시안,5,9,노령,비만,치아/구강
냐냐,냐냐,0,코리안 쇼트헤어,5,6,노령,호흡기,
냐옹,냐옹,0,러시안 블루,5,5,노령,신장/요로,
냐옹이1,냐옹이1,0,러시안 블루,3,3,비만,치아/구강,눈/귀
냥냥이1,냥냥이1,0,페르시안,3,2,치아/구강,눈/귀,뼈/관절
냥냥펀치,냥냥펀치,0,코리안 쇼트헤어,5,1,비만,치아/구강,피부/모질
냥신이,냥신이,0,코리안 쇼트헤어,7,7,장,뼈/관절,
냥이4,냥이4,0,샴,6,4,알러지,눈/귀,피부/모질
냥이5,냥이5,0,코리안 쇼트헤어,5,5,장,피부/모질,
냥이6,냥이6,0,페르시안,8,13,노령,피부/모질,알러지
너비,너비,0,코리안 쇼트헤어,7.3,8,노령,비만,피부/모질
네로1,네로1,0,코리안 쇼트헤어,4,6,노령,치아/구강,
네로2,네로2,0,코리안 쇼트헤어,4,14,노령,치아/구강,호흡기
네비,네비,0,코리안 쇼트헤어,2.2,2,장,,
넬,넬,0,페르시안,4.8,4,심장,,
노다지,노다지,0,믹스묘,5,7,비만,뼈/관절,
노랑씨,노랑씨,0,코리안 쇼트헤어,4,6,비만,치아/구강,뼈/관절
노랭이,노랭이,0,코리안 쇼트헤어,4,14,노령,신장/요로,치아/구강
노여름,노여름,1,믹스견,6,1,뼈/관절,피부/모질,
녹뚜,녹뚜,0,믹스묘,4,2,치아/구강,,
누리1,누리1,1,기타,14,1,치아/구강,,
누리4,누리4,1,말티즈,5,5,치아/구강,,
누리5,누리5,1,믹스견,5,8,알러지,행동,눈/귀
누비,누비,1,웰시 코기,5,1,알러지,행동,호흡기
누피,누피,0,코리안 쇼트헤어,6.1,1,치아/구강,비만,
눈꽃,눈꽃,1,스피츠,7,6,행동,,
능,능,0,코리안 쇼트헤어,10,7,비만,치아/구강,뼈/관절
다니,다니,1,푸들,7,1,알러지,뼈/관절,
다롱이3,다롱이3,1,골든 리트리버,15,3,장,,
다롱이4,다롱이4,1,말티즈,3,12,노령,,
다미,다미,1,시츄,5,3,행동,치아/구강,눈/귀
다야,다야,1,믹스견,17,5,행동,,
다온,다온,1,시츄,7,7,노령,알러지,눈/귀
닥스훈트,닥스훈트,1,믹스견,7,7,알러지,행동,피부/모질
단,단,1,말티즈,3,2,알러지,치아/구강,피부/모질
단웅이,단웅이,0,믹스묘,4.6,2,신장/요로,,
단추2,단추2,1,믹스견,8,6,노령,비만,장
단추3,단추3,1,푸들,4.8,6,알러지,뼈/관절,피부/모질
단추4,단추4,1,시츄,7,6,비만,알러지,
달1,달1,1,치와와,5,7,눈/귀,호흡기,피부/모질
달2,달2,1,푸들,4,12,행동,치아/구강,
달3,달3,1,치와와,2,13,노령,심장,눈/귀
달래1,달래1,1,말티즈,8,3,행동,,
달래2,달래2,1,시츄,5,6,비만,알러지,피부/모질
달무,달무,0,믹스묘,4.2,3,장,신장/요로,호흡기
달봉이,달봉이,1,슈나우저,8,6,피부/모질,,
달수,달수,0,믹스묘,2,3,비만,,
달이2,달이2,1,요크셔테리어,3,9,노령,치아/구강,피부/모질
달자,달자,1,말티즈,2,14,노령,눈/귀,뼈/관절
달콩1,달콩1,1,레브라도 리트리버,21,1,알러지,치아/구강,뼈/관절
달콩2,달콩2,1,시츄,5.9,4,알러지,피부/모질,눈/귀
달콩3,달콩3,1,포메라니안,5,5,비만,장,행동
달콩이2,달콩이2,0,페르시안,4,5,행동,,
담비,담비,1,포메라니안,15,7,노령,뼈/관절,피부/모질
대롱이,대롱이,1,시츄,5.9,4,알러지,눈/귀,피부/모질
대박,대박,0,코리안 쇼트헤어,6,2,비만,행동,
대박이1,대박이1,1,포메라니안,3,4,알러지,눈/귀,뼈/관절
대봉이,대봉이,1,기타,8,4,비만,치아/구강,피부/모질
대호,대호,1,말티즈,5,2,치아/구강,뼈/관절,
댕댕이,댕댕이,1,말티즈,4,3,알러지,장,피부/모질
댕이,댕이,1,말티즈,3,2,알러지,장,치아/구강
덕수,덕수,0,코리안 쇼트헤어,5,1,신장/요로,장,치아/구강
덕이,덕이,1,말티즈,6,14,노령,심장,뼈/관절
덴데,덴데,0,코리안 쇼트헤어,8,7,노령,비만,장
도담2,도담2,1,포메라니안,1.8,1,뼈/관절,장,
도도,도도,0,러시안 블루,6,3,비만,뼈/관절,피부/모질
도리1,도리1,1,푸들,5,3,행동,뼈/관절,
도리2,도리2,1,레브라도 리트리버,25,10,치아/구강,뼈/관절,피부/모질
도미닉,도미닉,0,코리안 쇼트헤어,6,6,비만,신장/요로,치아/구강
도비1,도비1,1,말티즈,2,1,뼈/관절,,
도비2,도비2,1,말티즈,5,8,노령,행동,호흡기
도토리,도토리,1,포메라니안,4,16,노령,눈/귀,뼈/관절
동구,동구,1,믹스견,10,7,치아/구강,,
동글,동글,0,벵갈,7.5,5,노령,신장/요로,당뇨
동글이,동글이,0,아메리칸 쇼트헤어,2,2,알러지,눈/귀,
동이2,동이2,1,말티즈,2.5,8,장,눈/귀,노령
동이3,동이3,0,코리안 쇼트헤어,7,10,노령,신장/요로,치아/구강
돼지1,돼지1,0,먼치킨,3.6,2,치아/구강,행동,비만
돼지2,돼지2,0,코리안 쇼트헤어,4,4,치아/구강,,
두두,두두,0,벵갈,7,6,장,치아/구강,피부/모질
두란이,두란이,0,믹스묘,5,2,비만,,
두리1,두리1,1,믹스견,8,2,치아/구강,호흡기,피부/모질
두리2,두리2,1,푸들,5,4,비만,호흡기,뼈/관절
두리3,두리3,1,치와와,5,6,비만,치아/구강,뼈/관절
두리5,두리5,1,코커 스패니얼,10,17,노령,신장/요로,심장
두부11,두부11,0,페르시안,4,6,장,심장,치아/구강
두부13,두부13,1,말티즈,3,8,비만,눈/귀,
두부14,두부14,1,시츄,4,9,알러지,뼈/관절,
두부15,두부15,0,샴,6,12,장,,
두부2,두부2,1,푸들,3,1,치아/구강,눈/귀,뼈/관절
두부3,두부3,1,말티즈,3,2,장,치아/구강,뼈/관절
두부4,두부4,1,말티즈,5,2,비만,알러지,눈/귀
두부5,두부5,1,포메라니안,7,3,알러지,뼈/관절,
두부7,두부7,1,말티즈,2,3,행동,,
두부8,두부8,0,페르시안,7,5,비만,눈/귀,뼈/관절
두부9,두부9,1,푸들,9,5,뼈/관절,비만,
두산이,두산이,1,푸들,5,6,비만,뼈/관절,
두야,두야,1,말티즈,4,8,노령,뼈/관절,피부/모질
둘째,둘째,0,코리안 쇼트헤어,3.2,1,치아/구강,,
둥둥,둥둥,1,시츄,6.5,7,눈/귀,피부/모질,뼈/관절
둥이1,둥이1,1,요크셔테리어,2,1,눈/귀,피부/모질,
둥이3,둥이3,0,벵갈,4,3,치아/구강,눈/귀,피부/모질
둥이6,둥이6,1,믹스견,4,6,치아/구강,행동,
둥이7,둥이7,1,말티즈,4,8,심장,치아/구강,뼈/관절
둥이8,둥이8,1,포메라니안,8,9,비만,,
둥이9,둥이9,0,샴,7,10,비만,신장/요로,
듀이,듀이,0,코리안 쇼트헤어,5,7,노령,신장/요로,치아/구강
듀푱,듀푱,0,아메리칸 쇼트헤어,1.9,2,장,,
등어,등어,0,코리안 쇼트헤어,4.1,3,피부/모질,,
디오,디오,1,미니어쳐 핀셔,5,7,노령,알러지,눈/귀
딩고,딩고,0,노르웨이숲,5,6,행동,피부/모질,
따롱이,따롱이,1,치와와,2,2,치아/구강,,
딱지,딱지,0,코리안 쇼트헤어,2.5,1,치아/구강,눈/귀,
딸기1,딸기1,0,기타,9,1,치아/구강,눈/귀,피부/모질
딸기2,딸기2,1,포메라니안,3,3,행동,치아/구강,피부/모질
딸기3,딸기3,1,말티즈,2,5,장,치아/구강,
딸기4,딸기4,1,푸들,4,11,노령,피부/모질,
딸랑이,딸랑이,1,믹스견,4,14,노령,치아/구강,뼈/관절
땅똘,땅똘,0,브리티시 쇼트헤어,4.7,10,노령,신장/요로,
땅콩1,땅콩1,0,믹스묘,2,1,장,행동,
땅콩3,땅콩3,1,시츄,5.9,4,알러지,치아/구강,피부/모질
땅콩5,땅콩5,1,요크셔테리어,0.9,5,장,뼈/관절,치아/구강
땅콩7,땅콩7,1,말티즈,3,8,노령,호흡기,뼈/관절
땅콩이,땅콩이,0,코리안 쇼트헤어,5,3,치아/구강,피부/모질,장
땡실이,땡실이,1,믹스견,4,16,노령,치아/구강,뼈/관절
땡칠,땡칠,1,말티즈,3,13,노령,치아/구강,뼈/관절
또가,또가,0,먼치킨,2,2,치아/구강,,
또또2,또또2,0,믹스묘,8,2,비만,,
또또3,또또3,1,시츄,3,2,행동,치아/구강,눈/귀
또또4,또또4,1,치와와,4,4,치아/구강,눈/귀,뼈/관절
또또6,또또6,0,러시안 블루,8,5,비만,치아/구강,
또또7,또또7,1,보스턴 테리어,4,7,알러지,장,
또또8,또또8,1,푸들,6,8,노령,알러지,뼈/관절
또또9,또또9,1,코커 스패니얼,8,11,노령,심장,피부/모질
또띠,또띠,1,말티즈,4,10,노령,행동,호흡기
또롱이1,또롱이1,1,믹스견,4,6,치아/구강,행동,
또롱이2,또롱이2,1,푸들,3,12,노령,치아/구강,뼈/관절
또리1,또리1,1,프렌치 불독,13,4,행동,,
또리4,또리4,1,시츄,6,15,노령,신장/요로,심장
또순이,또순이,1,푸들,4,2,비만,장,피부/모질
또잉이,또잉이,1,코커 스패니얼,8,3,눈/귀,뼈/관절,
또자,또자,1,푸들,6,3,뼈/관절,,
똘랑,똘랑,1,믹스견,3,15,노령,치아/구강,호흡기
똘이1,똘이1,0,코리안 쇼트헤어,1,1,행동,눈/귀,호흡기
똘이10,똘이10,1,요크셔테리어,3,14,노령,치아/구강,눈/귀
똘이2,똘이2,0,스코티시 폴드,4,2,비만,눈/귀,
똘이3,똘이3,1,시츄,6,3,비만,,
똘이5,똘이5,1,시츄,5,9,노령,,
똘이6,똘이6,1,말티즈,3,11,노령,호흡기,뼈/관절
똘이7,똘이7,1,믹스견,11,11,노령,비만,알러지
똘이8,똘이8,1,기타,6,12,노령,신장/요로,심장
똘이9,똘이9,1,푸들,5,13,노령,비만,치아/구강
똥꼬냥,똥꼬냥,0,코리안 쇼트헤어,4,11,노령,치아/구강,피부/모질
뚜기,뚜기,0,러시안 블루,4.3,3,비만,장,
뚜몽,뚜몽,0,코리안 쇼트헤어,5,3,비만,치아/구강,
뚝딱이,뚝딱이,1,웰시 코기,20,7,비만,치아/구강,피부/모질
뚱땅,뚱땅,1,치와와,3,2,알러지,장,행동
뚱뚱이,뚱뚱이,0,코리안 쇼트헤어,4.5,6,신장/요로,호흡기,장
뚱이4,뚱이4,0,기타,4,6,치아/구강,,
뚱이5,뚱이5,1,포메라니안,8,8,비만,,
뚱이7,뚱이7,0,페르시안,3,8,피부/모질,,
뚱이8,뚱이8,1,말티즈,3,8,노령,치아/구강,뼈/관절
띵똥,띵똥,0,러시안 블루,3,4,장,,
라니1,라니1,1,포메라니안,2,3,행동,눈/귀,뼈/관절
라니2,라니2,1,푸들,3,3,뼈/관절,알러지,비만
라떼1,라떼1,0,러시안 블루,3,1,행동,피부/모질,
라리,라리,0,코리안 쇼트헤어,5,11,노령,치아/구강,피부/모질
라리떼,라리떼,1,푸들,3,2,비만,치아/구강,알러지
라오,라오,0,믹스묘,20,2,뼈/관절,,
라온3,라온3,1,푸들,4.2,8,알러지,피부/모질,
라이4,라이4,1,믹스견,4,6,치아/구강,행동,
랑이1,랑이1,0,코리안 쇼트헤어,2.7,1,치아/구강,,
랑이3,랑이3,0,벵갈,7,6,비만,뼈/관절,
래리,래리,0,믹스묘,4,3,행동,,
래미,래미,0,믹스묘,4,3,행동,,
랭랭,랭랭,1,웰시 코기,15,3,노령,비만,알러지
량이,량이,0,스코티시 폴드,4,3,장,호흡기,뼈/관절
러시,러시,0,스코티시 폴드,4,1,비만,뼈/관절,
러시안블루,러시안블루,0,믹스묘,4,3,비만,치아/구강,
럭키,럭키,0,코리안 쇼트헤어,8,5,비만,치아/구강,뼈/관절
레나,레나,0,믹스묘,5,6,장,,
레니,레니,1,포메라니안,4.4,3,뼈/관절,,
레오1,레오1,1,믹스견,7,1,장,심장,뼈/관절
레오10,레오10,1,말티즈,3,7,노령,치아/구강,뼈/관절
레오11,레오11,1,코커 스패니얼,12,8,노령,비만,눈/귀
레오12,레오12,0,터키시 앙고라,3,8,노령,신장/요로,호흡기
레오13,레오13,0,코리안 쇼트헤어,8,9,비만,치아/구강,피부/모질
레오2,레오2,0,먼치킨,4,1,알러지,뼈/관절,
레오4,레오4,0,터키시 앙고라,7,2,행동,치아/구강,
레오5,레오5,0,믹스묘,5.9,2,비만,치아/구강,뼈/관절
레오6,레오6,0,코리안 쇼트헤어,5,2,치아/구강,호흡기,
레오7,레오7,0,벵갈,4,3,행동,치아/구강,
레오8,레오8,0,페르시안,5,4,신장/요로,행동,치아/구강
레오9,레오9,0,코리안 쇼트헤어,8,5,비만,,
레이,레이,0,코리안 쇼트헤어,3,2,장,치아/구강,호흡기
렉스,렉스,1,믹스견,3.5,9,치아/구강,,
로니,로니,1,닥스훈트,7,8,장,뼈/관절,피부/모질
로다1,로다1,0,터키시 앙고라,3.5,4,알러지,신장/요로,피부/모질
로다2,로다2,0,랙돌,4,4,알러지,치아/구강,피부/모질
로다3,로다3,0,페르시안,3.8,4,알러지,눈/귀,
로또1,로또1,0,코리안 쇼트헤어,3,1,비만,호흡기,
로또2,로또2,0,샴,5,3,행동,피부/모질,
로또3,로또3,0,코리안 쇼트헤어,5,12,노령,,
로또4,로또4,1,시츄,6,14,비만,뼈/관절,피부/모질
로로,로로,0,코리안 쇼트헤어,5,12,노령,,
로미,로미,1,포메라니안,2,8,노령,호흡기,뼈/관절
로사,로사,0,벵갈,7,2,비만,알러지,
로아,로아,1,말티즈,2,5,치아/구강,뼈/관절,
로이1,로이1,0,먼치킨,5,1,치아/구강,피부/모질,
로이2,로이2,1,비숑 프리제,5,1,알러지,눈/귀,행동
로이3,로이3,1,비숑 프리제,10,3,뼈/관절,,
롤리,롤리,1,믹스견,4,9,치아/구강,,
롱롱,롱롱,1,말티즈,3,7,비만,치아/구강,뼈/관절
롱이2,롱이2,1,시츄,6,7,비만,눈/귀,뼈/관절
롱이3,롱이3,1,시츄,4,9,알러지,뼈/관절,
루나1,루나1,1,말티즈,1.8,1,눈/귀,치아/구강,
루나2,루나2,0,러시안 블루,5,8,신장/요로,치아/구강,눈/귀
루디,루디,0,코리안 쇼트헤어,6,4,비만,신장/요로,
루루1,루루1,1,포메라니안,3.8,1,알러지,,
루루2,루루2,0,노르웨이숲,4,2,치아/구강,눈/귀,행동
루루3,루루3,0,먼치킨,3.4,2,장,눈/귀,뼈/관절
루미2,루미2,0,코리안 쇼트헤어,2,3,눈/귀,호흡기,
루미3,루미3,0,페르시안,7,10,노령,장,피부/모질
루비1,루비1,0,벵갈,1.2,1,행동,,
루비2,루비2,1,기타,9,5,비만,신장/요로,눈/귀
루비3,루비3,1,푸들,5,6,눈/귀,뼈/관절,피부/모질
루비4,루비4,1,말티즈,7,12,노령,피부/모질,
루이1,루이1,1,사모예드,4,1,행동,뼈/관절,피부/모질
루이2,루이2,0,러시안 블루,6,4,치아/구강,뼈/관절,피부/모질
루이4,루이4,0,러시안 블루,4.6,5,비만,행동,뼈/관절
루이5,루이5,1,비숑 프리제,6.5,6,치아/구강,뼈/관절,피부/모질
루이6,루이6,1,코커 스패니얼,9,13,노령,신장/요로,뼈/관절
루이7,루이7,1,비숑 프리제,4,15,노령,비만,눈/귀
루찌,루찌,0,아메리칸 쇼트헤어,4,2,장,신장/요로,치아/구강
루카,루카,1,푸들,5,3,눈/귀,뼈/관절,피부/모질
루키,루키,1,믹스견,7,6,치아/구강,피부/모질,행동
루팡,루팡,0,코리안 쇼트헤어,5,1,치아/구강,눈/귀,
루피2,루피2,1,기타,30,4,알러지,행동,치아/구강
루피3,루피3,0,시베리안,5,4,비만,,
룰루1,룰루1,0,먼치킨,3.2,2,알러지,장,뼈/관절
리리,리리,1,푸들,6,6,장,눈/귀,뼈/관절
리무진,리무진,1,믹스견,7,2,호흡기,뼈/관절,
리쌍,리쌍,0,코리안 쇼트헤어,1.2,1,행동,,
리아,리아,0,스코티시 폴드,4,5,뼈/관절,,
리아 레오,리아 레오,0,아비시니안,3,1,장,호흡기,피부/모질
리오1,리오1,1,말티즈,3,2,치아/구강,,
리온2,리온2,1,웰시 코기,11,2,장,뼈/관절,
리온3,리온3,1,믹스견,4,6,행동,,
리온4,리온4,0,페르시안,5.5,7,신장/요로,심장,
리찌1,리찌1,1,말티즈,2,8,심장,,
리찌2,리찌2,1,말티즈,3,13,노령,알러지,피부/모질
릴리,릴리,1,요크셔테리어,2.5,9,노령,뼈/관절,장
링고,링고,1,말티즈,5,5,장,치아/구강,호흡기
링링,링링,0,코리안 쇼트헤어,6.3,1,비만,치아/구강,피부/모질
마구와구,마구와구,0,러시안 블루,9,7,노령,비만,뼈/관절
마니1,마니1,1,말티즈,2.2,6,심장,뼈/관절,
마니2,마니2,1,말티즈,2,6,알러지,심장,호흡기
마로1,마로1,1,포메라니안,2.8,1,피부/모질,,
마로2,마로2,1,말티즈,4,10,노령,치아/구강,뼈/관절
마루1,마루1,1,시츄,3.5,1,알러지,장,행동
마루2,마루2,1,말티즈,3,4,장,치아/구강,뼈/관절
마루3,마루3,1,푸들,6,8,노령,치아/구강,
마루5,마루5,1,시츄,11,14,노령,눈/귀,뼈/관절
마리1,마리1,0,코리안 쇼트헤어,5,2,장,피부/모질,
마리3,마리3,1,말티즈,3,4,알러지,뼈/관절,피부/모질
마리4,마리4,0,러시안 블루,3,5,행동,치아/구강,피부/모질
마메,마메,0,아메리칸 쇼트헤어,5,3,심장,치아/구강,눈/귀
마블,마블,1,푸들,4,7,치아/구강,눈/귀,호흡기
마스,마스,0,코리안 쇼트헤어,3.7,4,치아/구강,,
마프,마프,0,터키시 앙고라,5,12,노령,치아/구강,
막내,막내,1,시츄,5,14,노령,뼈/관절,피부/모질
막둥이,막둥이,1,웰시 코기,8,13,노령,비만,뼈/관절
막디,막디,0,코리안 쇼트헤어,5,5,장,치아/구강,
만년,만년,1,시츄,5,12,노령,비만,치아/구강
만두1,만두1,1,베들링턴 테리어,9,2,눈/귀,,
만두3,만두3,1,시츄,5,7,알러지,,
만두4,만두4,0,터키시 앙고라,3,7,알러지,치아/구강,눈/귀
만두5,만두5,1,말티즈,3,7,노령,비만,뼈/관절
만식,만식,0,코리안 쇼트헤어,2,6,행동,,
말랭이,말랭이,0,믹스묘,4,13,노령,,
말티즈,말티즈,1,믹스견,6,2,알러지,행동,피부/모질
망고 ,망고 ,0,페르시안,3,4,치아/구강,눈/귀,뼈/관절
망고1,망고1,1,믹스견,7,1,행동,피부/모질,
망고3,망고3,1,포메라니안,4,3,행동,치아/구강,뼈/관절
망고4,망고4,1,닥스훈트,8,4,비만,알러지,뼈/관절
망고5,망고5,0,코리안 쇼트헤어,7,5,비만,치아/구강,
망고6,망고6,1,푸들,3,6,피부/모질,행동,장
망고7,망고7,1,말티즈,4,8,노령,치아/구강,뼈/관절
망치,망치,1,기타,28,7,신장/요로,호흡기,피부/모질
맥스1,맥스1,1,스피츠,5,6,행동,,
맥스2,맥스2,1,스피츠,5,6,치아/구강,,
맹이1,맹이1,0,맹크스,5.8,5,피부/모질,,
맹이2,맹이2,1,시츄,5.4,13,노령,눈/귀,피부/모질
머루,머루,1,믹스견,6,6,눈/귀,뼈/관절,피부/모질
먼지1,먼지1,0,러시안 블루,5,3,비만,신장/요로,호흡기
멍군이,멍군이,1,말티즈,6,7,비만,알러지,치아/구강
멍멍이1,멍멍이1,1,믹스견,10,3,노령,알러지,치아/구강
멍멍이2,멍멍이2,1,말티즈,3,9,노령,장,뼈/관절
멍뭉이,멍뭉이,1,시바견,8,2,행동,,
멍이1,멍이1,1,말티즈,3,8,행동,피부/모질,
메롱이,메롱이,1,말티즈,4,6,장,치아/구강,
메리1,메리1,1,골든 리트리버,50,1,피부/모질,,
메리2,메리2,0,페르시안,4.1,2,치아/구강,,
메리3,메리3,0,코리안 쇼트헤어,6,6,신장/요로,심장,당뇨
명숙이,명숙이,1,시츄,4,10,노령,비만,뼈/관절
모네,모네,0,러시안 블루,6,9,신장/요로,치아/구강,
모닝,모닝,0,코리안 쇼트헤어,6,4,비만,호흡기,
모리1,모리1,0,믹스묘,5,2,비만,피부/모질,
모모1,모모1,0,코리안 쇼트헤어,2,1,눈/귀,피부/모질,
모모4,모모4,0,코리안 쇼트헤어,6.5,4,비만,치아/구강,장
모모5,모모5,0,코리안 쇼트헤어,8,8,비만,심장,치아/구강
모모6,모모6,0,브리티시 쇼트헤어,5,10,노령,알러지,치아/구강
모찌2,모찌2,0,터키시 앙고라,4,5,치아/구강,,
모카1,모카1,0,샴,4.5,2,비만,장,
모카2,모카2,1,치와와,3,2,장,,
모카3,모카3,0,러시안 블루,5.2,6,행동,피부/모질,
모카4,모카4,1,치와와,5,7,비만,뼈/관절,피부/모질
몰랑말링,몰랑말링,0,스코티시 폴드,3.5,3,신장/요로,,
몰랑이,몰랑이,1,포메라니안,8,1,장,치아/구강,눈/귀
몰리1,몰리1,1,믹스견,4,6,행동,,
몰리2,몰리2,1,믹스견,4,9,행동,,
몽1,몽1,1,푸들,4,1,뼈/관절,치아/구강,피부/모질
몽2,몽2,1,믹스견,5,2,알러지,행동,뼈/관절
몽3,몽3,0,벵갈,5,4,장,치아/구강,피부/모질
몽그이,몽그이,1,말티즈,4,1,눈/귀,,
몽돌이,몽돌이,1,푸들,7,3,비만,행동,피부/모질
몽실이1,몽실이1,1,말티즈,5,5,비만,눈/귀,
몽실이2,몽실이2,1,시츄,4,9,알러지,뼈/관절,
몽실이3,몽실이3,1,시츄,3,10,노령,알러지,장
몽이1,몽이1,0,코리안 쇼트헤어,5,1,행동,치아/구강,
몽이11,몽이11,1,푸들,4,7,알러지,장,눈/귀
몽이12,몽이12,1,기타,4,8,장,심장,행동
몽이13,몽이13,1,말티즈,3.9,8,노령,장,심장
몽이19,몽이19,1,믹스견,8,7,장,신장/요로,눈/귀
몽이4,몽이4,1,요크셔테리어,4,3,비만,피부/모질,
몽이7,몽이7,1,말티즈,7,4,알러지,,
몽이8,몽이8,1,믹스견,7,4,뼈/관절,,
몽치,몽치,1,푸들,5,3,피부/모질,,
묘묘,묘묘,0,먼치킨,8,2,비만,,
묭,묭,0,코리안 쇼트헤어,8,11,노령,치아/구강,뼈/관절
무강,무강,1,시츄,6,7,알러지,비만,피부/모질
문이,문이,1,시츄,5.9,4,알러지,눈/귀,피부/모질
뭉,뭉,1,말티즈,5,7,비만,신장/요로,행동
뭉이1,뭉이1,1,포메라니안,3,3,신장/요로,치아/구강,눈/귀
뭉치1,뭉치1,1,골든 리트리버,20,1,행동,,
뭉치4,뭉치4,0,러시안 블루,6,4,행동,치아/구강,
뭉치5,뭉치5,1,포메라니안,7,5,비만,신장/요로,행동
뭉치6,뭉치6,1,포메라니안,5,7,비만,뼈/관절,피부/모질
뭉치7,뭉치7,1,페키니즈,5,7,장,행동,뼈/관절
뭉치8,뭉치8,1,말티즈,4,15,노령,알러지,호흡기
미나1,미나1,0,믹스묘,4,2,장,알러지,행동
미니4,미니4,1,포메라니안,2,2,치아/구강,,
미니5,미니5,1,푸들,4,7,노령,치아/구강,눈/귀
미니7,미니7,1,말티즈,4,17,심장,뼈/관절,피부/모질
미달이,미달이,1,시츄,8,5,장,,
미래,미래,1,말티즈,4,6,알러지,눈/귀,뼈/관절
미루,미루,1,푸들,3,6,치아/구강,뼈/관절,
미르2,미르2,1,비숑 프리제,7,8,행동,,
미리,미리,0,러시안 블루,5,1,치아/구강,,
미미1,미미1,1,진돗개,7,3,비만,,
미미2,미미2,0,러시안 블루,10,3,비만,,
미미3,미미3,1,포메라니안,2.7,3,피부/모질,,
미미4,미미4,0,코리안 쇼트헤어,5,3,비만,피부/모질,
미미6,미미6,0,코리안 쇼트헤어,7,5,비만,,
미미7,미미7,1,말티즈,3,11,노령,심장,피부/모질
미야1,미야1,0,코리안 쇼트헤어,5.1,2,장,,
미오,미오,0,믹스묘,4.1,3,알러지,행동,
미우1,미우1,0,믹스묘,3,2,장,피부/모질,치아/구강
미우2,미우2,0,믹스묘,4.1,3,행동,알러지,
미유1,미유1,0,러시안 블루,3,4,노령,,
미유2,미유2,0,벵갈,8,7,비만,신장/요로,
미카,미카,1,웰시 코기,17,7,노령,비만,치아/구강
미케,미케,0,코리안 쇼트헤어,6,9,노령,비만,행동
미코1,미코1,0,샴,5.7,2,비만,알러지,
미코2,미코2,0,믹스묘,3.7,5,노령,뼈/관절,
미호,미호,0,먼치킨,5,3,행동,,
민아,민아,1,비숑 프리제,5.5,2,알러지,치아/구강,눈/귀
밀크2,밀크2,0,노르웨이숲,5.5,1,알러지,,
밀크3,밀크3,0,노르웨이숲,3.6,1,피부/모질,,
밀크4,밀크4,1,말티즈,3,3,치아/구강,눈/귀,뼈/관절
밀키1,밀키1,0,페르시안,5,2,행동,눈/귀,
밀키2,밀키2,0,기타,1,3,피부/모질,비만,신장/요로
밍1,밍1,1,포메라니안,9,7,당뇨,치아/구강,뼈/관절
밍2,밍2,1,믹스견,5.5,15,노령,장,당뇨
밍밍이,밍밍이,1,푸들,4,4,장,치아/구강,
밍이,밍이,1,믹스견,5,14,노령,치아/구강,
밍키1,밍키1,0,아메리칸 쇼트헤어,3,2,알러지,치아/구강,호흡기
밍키2,밍키2,1,푸들,6,2,알러지,치아/구강,호흡기
밍키3,밍키3,1,치와와,5,5,행동,치아/구강,
바나나,바나나,0,아비시니안,3,4,치아/구강,,
바니1,바니1,1,푸들,3,6,행동,치아/구강,눈/귀
바니3,바니3,1,말티즈,6,11,노령,눈/귀,뼈/관절
바다2,바다2,1,미니어쳐 핀셔,5,5,장,치아/구강,눈/귀
바다4,바다4,0,러시안 블루,8,8,노령,,
바둥이,바둥이,1,믹스견,6,6,치아/구강,,
바모스,바모스,1,골든 리트리버,28,4,알러지,치아/구강,뼈/관절
바야1,바야1,1,진돗개,15,5,행동,,
박시,박시,1,골든 리트리버,10,3,알러지,,
박하,박하,1,기타,9,1,노령,치아/구강,뼈/관절
반달이,반달이,1,믹스견,4,9,치아/구강,,
반디2,반디2,1,진돗개,30,4,치아/구강,알러지,피부/모질
밤1,밤1,0,러시안 블루,6,2,비만,행동,피부/모질
밤비,밤비,0,코리안 쇼트헤어,10,4,비만,,
밤탱이,밤탱이,1,푸들,4,20,노령,치아/구강,뼈/관절
밤톨2,밤톨2,1,요크셔테리어,5,16,노령,장,행동
밤톨비,밤톨비,0,아메리칸 쇼트헤어,9,12,노령,비만,치아/구강
밤톨이,밤톨이,1,닥스훈트,5,3,비만,,
밥풀,밥풀,1,말티즈,2,4,알러지,눈/귀,피부/모질
방우리,방우리,1,치와와,4,10,노령,비만,알러지
방울2,방울2,1,요크셔테리어,4.2,11,노령,비만,알러지
방울3,방울3,1,요크셔테리어,4,12,노령,,
방울이1,방울이1,0,코리안 쇼트헤어,4,2,눈/귀,,
방울이3,방울이3,1,말티즈,3,2,비만,알러지,장
방울이4,방울이4,0,코리안 쇼트헤어,4,8,노령,신장/요로,뼈/관절
방자,방자,1,웰시 코기,14,7,노령,장,행동
배비,배비,0,러시안 블루,5,11,노령,치아/구강,피부/모질
백설,백설,1,포메라니안,5,2,뼈/관절,피부/모질,
백이2,백이2,1,기타,6,5,행동,치아/구강,뼈/관절
백코,백코,1,말티즈,3,7,호흡기,뼈/관절,피부/모질
뱅갈2,뱅갈2,0,믹스묘,7,2,행동,,
버터,버터,0,코리안 쇼트헤어,4.5,8,노령,치아/구강,
베르,베르,1,도베르만,36,4,장,,
베리1,베리1,0,코리안 쇼트헤어,5.1,5,치아/구강,뼈/관절,장
베리3,베리3,0,코리안 쇼트헤어,5,5,장,치아/구강,
베리4,베리4,0,코리안 쇼트헤어,5.1,5,비만,장,치아/구강
베리7,베리7,0,코리안 쇼트헤어,7.5,7,비만,뼈/관절,피부/모질
베리8,베리8,1,슈나우저,7,11,노령,비만,알러지
베리9,베리9,1,말티즈,3,15,노령,치아/구강,눈/귀
베베1,베베1,1,비숑 프리제,4,1,눈/귀,호흡기,뼈/관절
베베2,베베2,1,기타,1,1,알러지,눈/귀,피부/모질
베쓰,베쓰,0,코리안 쇼트헤어,2,20,노령,치아/구강,피부/모질
벤쯔1,벤쯔1,1,믹스견,4,9,행동,,
벤쯔2,벤쯔2,1,믹스견,4,9,치아/구강,,
벼리,벼리,1,말티즈,5,1,비만,,
별1,별1,1,말티즈,3,6,행동,,
별2,별2,1,말티즈,3.3,13,노령,비만,
별3,별3,1,말티즈,3.4,13,노령,눈/귀,
별5,별5,1,말티즈,3,12,노령,뼈/관절,피부/모질
별마루,별마루,1,시베리안 허스키,17,3,심장,호흡기,
별이/모모,별이/모모,1,요크셔테리어,4,13,노령,치아/구강,피부/모질
별이1,별이1,0,코리안 쇼트헤어,6,2,비만,행동,치아/구강
별이2,별이2,0,코리안 쇼트헤어,6,3,비만,,
별이3,별이3,1,시츄,5,4,알러지,눈/귀,피부/모질
별이4,별이4,1,치와와,4,12,노령,치아/구강,눈/귀
별이5,별이5,1,말티즈,3.4,13,노령,치아/구강,눈/귀
별이6,별이6,1,말티즈,3.6,13,노령,,
별이7,별이7,1,말티즈,4,13,노령,심장,치아/구강
보더,보더,1,보더 콜리,10,3,뼈/관절,눈/귀,장
보라,보라,0,코리안 쇼트헤어,5,5,치아/구강,,
보름,보름,0,코리안 쇼트헤어,6,2,행동,치아/구강,뼈/관절
보름이,보름이,1,말티즈,7.5,13,노령,비만,피부/모질
보리1,보리1,0,벵갈,4,1,비만,,
보리11,보리11,1,말티즈,5.5,5,알러지,눈/귀,뼈/관절
보리12,보리12,0,브리티시 쇼트헤어,6,5,비만,치아/구강,신장/요로
보리13,보리13,1,시츄,6,5,신장/요로,뼈/관절,피부/모질
보리14,보리14,1,푸들,6,6,비만,행동,뼈/관절
보리16,보리16,0,믹스묘,6,7,비만,눈/귀,
보리17,보리17,0,코리안 쇼트헤어,6,7,비만,장,
보리18,보리18,1,말티즈,4,10,알러지,호흡기,뼈/관절
보리2,보리2,1,포메라니안,2,2,장,행동,치아/구강
보리20,보리20,1,시츄,3,15,노령,알러지,심장
보리21,보리21,0,믹스묘,4,4,피부/모질,비만,알러지
보리3,보리3,1,믹스견,6,2,행동,치아/구강,뼈/관절
보리4,보리4,0,아메리칸 쇼트헤어,4,3,장,치아/구강,뼈/관절
보리5,보리5,1,포메라니안,5,3,장,행동,치아/구강
보리6,보리6,1,보더 콜리,15,3,노령,치아/구강,뼈/관절
보리7,보리7,1,웰시 코기,11,4,심장,행동,치아/구강
보리8,보리8,1,포메라니안,6,4,비만,치아/구강,뼈/관절
보리9,보리9,1,포메라니안,4,4,치아/구강,뼈/관절,피부/모질
보미1,보미1,1,치와와,5,4,피부/모질,,
보미3,보미3,1,믹스견,4,9,행동,,
보배1,보배1,1,말티즈,6,9,비만,신장/요로,
보배2,보배2,1,말티즈,3,14,치아/구강,호흡기,뼈/관절
보석,보석,1,시츄,5,12,노령,치아/구강,눈/귀
보카,보카,1,웰시 코기,17,8,노령,비만,알러지
보화,보화,1,기타,6,12,노령,비만,치아/구강
복돌,복돌,1,믹스견,9,6,피부/모질,,
복돌이,복돌이,1,믹스견,30,4,비만,치아/구강,뼈/관절
복동이,복동이,1,말티즈,4,1,행동,눈/귀,피부/모질
복실이1,복실이1,1,말티즈,4,3,비만,치아/구강,뼈/관절
복실이2,복실이2,1,시츄,8,5,장,,
복이1,복이1,1,믹스견,4,9,행동,,
볼리,볼리,1,말티즈,6,6,비만,치아/구강,뼈/관절
볼트,볼트,1,기타,15,7,노령,치아/구강,뼈/관절
봄1,봄1,0,코리안 쇼트헤어,5,2,비만,장,뼈/관절
봄2,봄2,1,믹스견,5,3,알러지,치아/구강,피부/모질
봄3,봄3,0,코리안 쇼트헤어,4,4,피부/모질,,
봄4,봄4,1,말티즈,3,5,비만,알러지,뼈/관절
봄5,봄5,0,코리안 쇼트헤어,4,6,장,신장/요로,행동
봄7,봄7,1,닥스훈트,7,13,노령,신장/요로,뼈/관절
봄8,봄8,1,코커 스패니얼,13,15,노령,신장/요로,뼈/관절
봄이1,봄이1,0,먼치킨,1,1,행동,,
봄이2,봄이2,0,노르웨이숲,5,3,피부/모질,,
봄이5,봄이5,1,포메라니안,3,2,치아/구강,호흡기,
봉구,봉구,0,페르시안,6,7,노령,비만,치아/구강
봉달이2,봉달이2,1,포메라니안,12,10,노령,비만,피부/모질
봉봉,봉봉,1,푸들,4,1,장,눈/귀,뼈/관절
봉봉 ,봉봉 ,0,코리안 쇼트헤어,7,4,비만,치아/구강,
봉봉이 ,봉봉이 ,0,아메리칸 쇼트헤어,4,4,눈/귀,,
봉봉이1,봉봉이1,1,믹스견,4,6,치아/구강,행동,
봉봉이2,봉봉이2,1,푸들,6,9,뼈/관절,,
봉숙,봉숙,1,푸들,3,3,비만,뼈/관절,
봉자1,봉자1,1,기타,18,2,치아/구강,피부/모질,
봉지,봉지,1,웰시 코기,17,6,노령,비만,치아/구강
부기,부기,0,샴,3.2,3,장,,
부꾸,부꾸,1,휘핏,10,1,행동,뼈/관절,피부/모질
북구,북구,1,믹스견,5,2,행동,치아/구강,눈/귀
불리,불리,1,기타,23,1,치아/구강,뼈/관절,피부/모질
붕붕이,붕붕이,1,말티즈,10,3,비만,,
뷱천,뷱천,1,파피용,5,7,비만,신장/요로,심장
블랙,블랙,1,믹스견,8,7,알러지,눈/귀,피부/모질
블룽이,블룽이,0,러시안 블루,4.8,4,장,,
블리,블리,0,러시안 블루,8,4,비만,신장/요로,피부/모질
비누,비누,1,골든 리트리버,40,5,장,치아/구강,호흡기
비니,비니,1,믹스견,4,6,치아/구강,행동,눈/귀
비비1,비비1,0,러시안 블루,4.5,2,눈/귀,피부/모질,
비숑,비숑,1,푸들,4.3,2,눈/귀,,
비토,비토,1,그레이하운드,9,5,알러지,장,신장/요로
빈이,빈이,0,시베리안,7,4,심장,,
빠기,빠기,1,비숑 프리제,1.6,1,장,눈/귀,
빨강이,빨강이,0,코리안 쇼트헤어,7,4,비만,눈/귀,치아/구강
빵이1,빵이1,1,진돗개,15,5,치아/구강,행동,
빵이2,빵이2,1,말티즈,3.8,11,노령,신장/요로,뼈/관절
뽀리,뽀리,1,말티즈,4,7,치아/구강,눈/귀,피부/모질
뽀미3,뽀미3,1,퍼그,8,14,노령,행동,눈/귀
뽀비,뽀비,1,푸들,4,2,치아/구강,,
뽀삐1,뽀삐1,1,포메라니안,3,5,장,,
뽀삐4,뽀삐4,1,퍼그,7,4,행동,,
뽀삐6,뽀삐6,1,포메라니안,3,5,노령,치아/구강,뼈/관절
뽀삐7,뽀삐7,1,포메라니안,5,5,장,행동,
뽀삐8,뽀삐8,1,말티즈,6,8,노령,알러지,눈/귀
뽀송,뽀송,1,푸들,4,7,장,호흡기,피부/모질
뽀송이,뽀송이,1,웰시 코기,3,2,알러지,장,
뽀순이,뽀순이,1,기타,12,8,알러지,장,피부/모질
뽀야1,뽀야1,1,믹스견,3,6,노령,치아/구강,뼈/관절
뽀야2,뽀야2,1,말티즈,4,6,알러지,행동,
뽀야3,뽀야3,1,기타,7,6,비만,치아/구강,뼈/관절
뽕식이,뽕식이,0,코리안 쇼트헤어,6,8,치아/구강,,
뿅뿅이,뿅뿅이,1,푸들,4,2,비만,피부/모질,뼈/관절
뿌꾸1,뿌꾸1,1,레브라도 리트리버,28,2,행동,눈/귀,
뿌꾸2,뿌꾸2,0,샴,6,2,비만,치아/구강,
뿌꾸3,뿌꾸3,1,기타,9,5,신장/요로,뼈/관절,
뿌뿌,뿌뿌,1,말티즈,3.4,8,알러지,장,행동
뿡,뿡,0,코리안 쇼트헤어,6,3,알러지,신장/요로,호흡기
쁨,쁨,1,포메라니안,8,1,비만,눈/귀,뼈/관절
삐뽀,삐뽀,1,시츄,3.6,3,뼈/관절,,
삐삐1,삐삐1,1,말티즈,4,3,비만,행동,피부/모질
삐삐2,삐삐2,0,맹크스,3,3,알러지,,
삐삐3,삐삐3,1,웰시 코기,3.5,4,알러지,,
사랑1,사랑1,1,푸들,2,1,치아/구강,눈/귀,
사랑3,사랑3,1,말티즈,5,7,비만,장,눈/귀
사랑5,사랑5,1,포메라니안,1,10,노령,비만,장
사랑이11,사랑이11,1,시츄,4,10,노령,신장/요로,치아/구강
사랑이12,사랑이12,1,미니어쳐 핀셔,6,10,노령,비만,치아/구강
사랑이15,사랑이15,1,말티즈,5,14,노령,행동,치아/구강
사랑이16,사랑이16,1,요크셔테리어,4,7,비만,신장/요로,피부/모질
사랑이2,사랑이2,1,푸들,3.9,2,뼈/관절,눈/귀,
사랑이4,사랑이4,1,푸들,3.9,3,눈/귀,뼈/관절,
사랑이5,사랑이5,1,시츄,6,5,비만,행동,
사랑이6,사랑이6,1,말티즈,6,7,비만,알러지,치아/구강
사랑이7,사랑이7,1,말티즈,3.5,7,알러지,뼈/관절,피부/모질
사랑이9,사랑이9,1,푸들,5,8,알러지,치아/구강,피부/모질
사자개,사자개,1,시츄,5,3,알러지,행동,눈/귀
산초,산초,1,믹스견,4,5,알러지,,
삼순,삼순,0,코리안 쇼트헤어,4,4,장,신장/요로,눈/귀
삼순이,삼순이,1,포메라니안,12,5,심장,행동,눈/귀
삼식,삼식,0,아메리칸 쇼트헤어,6,8,비만,장,치아/구강
삼콩이,삼콩이,1,비숑 프리제,3,2,행동,뼈/관절,
새롬,새롬,1,말티즈,3,3,알러지,피부/모질,
새봄,새봄,0,믹스묘,5,5,치아/구강,뼈/관절,피부/모질
새싹이,새싹이,1,시츄,5,9,노령,눈/귀,피부/모질
새우1,새우1,1,웰시 코기,15,1,알러지,장,치아/구강
새우2,새우2,1,웰시 코기,15,2,장,치아/구강,뼈/관절
새해1,새해1,0,샴,10,3,알러지,눈/귀,피부/모질
샌디,샌디,1,요크셔테리어,5,6,장,치아/구강,
샐리,샐리,1,요크셔테리어,10,5,치아/구강,호흡기,뼈/관절
샤넬1,샤넬1,0,먼치킨,2.8,1,뼈/관절,비만,치아/구강
샤샤,샤샤,1,포메라니안,3,4,행동,치아/구강,뼈/관절
샤오미1,샤오미1,0,샴,3,1,치아/구강,,
샤크1,샤크1,1,닥스훈트,12,4,알러지,치아/구강,눈/귀
샤크2,샤크2,1,닥스훈트,12,6,알러지,치아/구강,눈/귀
설1,설1,1,푸들,2.5,1,알러지,신장/요로,피부/모질
설2,설2,1,말티즈,2,3,알러지,,
설기,설기,1,믹스견,4,6,행동,치아/구강,
설아,설아,1,기타,24,12,행동,뼈/관절,
설이1,설이1,1,푸들,3.5,1,뼈/관절,,
설이3,설이3,1,말티즈,2.1,7,노령,뼈/관절,치아/구강
성빈,성빈,1,시츄,4,1,알러지,피부/모질,
세나2,세나2,1,요크셔테리어,4,19,노령,심장,치아/구강
세레,세레,1,웰시 코기,12,4,뼈/관절,피부/모질,
세리,세리,1,말티즈,2,3,알러지,눈/귀,뼈/관절
세미2,세미2,1,포메라니안,4,10,비만,치아/구강,뼈/관절
셋째,셋째,0,코리안 쇼트헤어,4.5,4,비만,치아/구강,
소망,소망,0,코리안 쇼트헤어,5,5,비만,,
소미1,소미1,0,노르웨이숲,7,4,심장,신장/요로,
소봉이,소봉이,0,러시안 블루,4,3,신장/요로,,
소영이1,소영이1,1,푸들,2.3,1,치아/구강,눈/귀,
솔,솔,1,시츄,5.9,4,알러지,눈/귀,피부/모질
솔라,솔라,1,말티즈,4,7,알러지,호흡기,뼈/관절
솔로몬,솔로몬,1,웰시 코기,8,1,비만,뼈/관절,피부/모질
솜1,솜1,0,코리안 쇼트헤어,8,4,비만,,
솜2,솜2,1,스피츠,12,5,장,뼈/관절,비만
솜3,솜3,1,스피츠,12,5,장,뼈/관절,비만
솜이2,솜이2,0,스코티시 폴드,3,1,비만,호흡기,
솜이3,솜이3,1,믹스견,8,2,치아/구강,뼈/관절,피부/모질
솜이4,솜이4,1,비숑 프리제,6,3,눈/귀,,
솜이5,솜이5,0,노르웨이숲,6,4,행동,,
솜이6,솜이6,1,말티즈,3,4,비만,심장,뼈/관절
송송,송송,1,시바견,12,8,노령,신장/요로,치아/구강
송이1,송이1,0,터키시 앙고라,4,2,비만,치아/구강,
송이2,송이2,0,터키시 앙고라,3,2,치아/구강,,
송이3,송이3,1,믹스견,4,6,피부/모질,,
송이4,송이4,1,포메라니안,2.3,8,노령,심장,뼈/관절
송이5,송이5,1,시츄,8,10,노령,치아/구강,
송이6,송이6,0,코리안 쇼트헤어,3.3,13,노령,치아/구강,신장/요로
수지,수지,1,포메라니안,5,6,비만,장,뼈/관절
수키,수키,1,말티즈,3,10,노령,심장,치아/구강
순대2,순대2,0,코리안 쇼트헤어,7.2,7,비만,노령,치아/구강
순돌이1,순돌이1,1,믹스견,10,4,장,행동,눈/귀
순식이,순식이,0,코리안 쇼트헤어,5,5,행동,,
순심이,순심이,1,스피츠,9.5,4,행동,치아/구강,
순이2,순이2,0,벵갈,2.9,2,피부/모질,,
숭이,숭이,1,웰시 코기,10.2,2,행동,,
쉼바,쉼바,0,코리안 쇼트헤어,6,11,노령,심장,치아/구강
슈가1,슈가1,0,페르시안,2,1,장,행동,
슈가3,슈가3,1,비숑 프리제,4,3,치아/구강,눈/귀,피부/모질
스파키,스파키,1,치와와,4,8,눈/귀,호흡기,피부/모질
스피츠,스피츠,1,스피츠,13,6,비만,치아/구강,호흡기
시루1,시루1,1,푸들,6,5,눈/귀,뼈/관절,
시베리안,시베리안,0,아비시니안,1.8,1,행동,,
시오,시오,0,랙돌,8,3,뼈/관절,,
시월이2,시월이2,1,믹스견,5.4,7,치아/구강,피부/모질,
심덕,심덕,0,아메리칸 쇼트헤어,5,1,비만,장,
쌀밥,쌀밥,0,터키시 앙고라,4,2,눈/귀,피부/모질,
쌤,쌤,0,샴,4,2,장,행동,
써니1,써니1,1,시츄,5.9,4,알러지,눈/귀,피부/모질
써니2,써니2,1,프렌치 불독,6,5,신장/요로,심장,뼈/관절
쏘니,쏘니,0,코리안 쇼트헤어,5,5,알러지,치아/구강,피부/모질
쏘피,쏘피,0,러시안 블루,8,8,비만,눈/귀,
쏭,쏭,1,말티즈,10,3,행동,,
쓰리,쓰리,1,포메라니안,3,16,노령,심장,치아/구강
씩씩이,씩씩이,1,말티즈,25,15,비만,치아/구강,뼈/관절
아공,아공,1,시츄,4,7,장,심장,눈/귀
아롱1,아롱1,1,푸들,5,1,신장/요로,뼈/관절,피부/모질
아롱2,아롱2,1,믹스견,23,7,눈/귀,,
아롱3,아롱3,1,말티즈,3.8,7,노령,장,치아/구강
아롱4,아롱4,1,요크셔테리어,4,11,노령,신장/요로,뼈/관절
아롱5,아롱5,1,요크셔테리어,2,13,노령,치아/구강,뼈/관절
아롱이2,아롱이2,1,말티즈,5,4,비만,눈/귀,뼈/관절
아롱이4,아롱이4,0,코리안 쇼트헤어,6.5,10,비만,,
아름,아름,0,코리안 쇼트헤어,5,3,치아/구강,뼈/관절,피부/모질
아리1,아리1,0,코리안 쇼트헤어,3,2,장,치아/구강,
아리2,아리2,1,믹스견,4,12,노령,호흡기,뼈/관절
아미,아미,1,요크셔테리어,3.5,14,뼈/관절,노령,
아오,아오,0,샴,5.8,6,치아/구강,장,
아지1,아지1,1,시츄,4,2,알러지,장,호흡기
아지2,아지2,1,치와와,15,4,비만,행동,치아/구강
아지3,아지3,1,말티즈,4,7,노령,신장/요로,뼈/관절
아지5,아지5,1,말티즈,4,9,노령,심장,호흡기
아토,아토,1,말티즈,2.3,4,노령,,
아톰1,아톰1,1,믹스견,15,5,행동,치아/구강,
아톰2,아톰2,1,진돗개,15,5,행동,치아/구강,
안냐옹,안냐옹,0,코리안 쇼트헤어,4,6,비만,치아/구강,피부/모질
알록,알록,0,코리안 쇼트헤어,2,1,신장/요로,치아/구강,눈/귀
앙꾸,앙꾸,1,푸들,3,15,노령,신장/요로,치아/구강
앙리1,앙리1,1,포메라니안,10,1,행동,눈/귀,피부/모질
애기1,애기1,0,샴,3,1,신장/요로,치아/구강,피부/모질
애기2,애기2,1,말티즈,5,2,행동,치아/구강,
애기3,애기3,1,시츄,5,13,노령,치아/구강,눈/귀
애옹,애옹,0,스코티시 폴드,4,1,신장/요로,뼈/관절,
앨리스,앨리스,0,터키시 앙고라,4,10,노령,,
앵두1,앵두1,0,코리안 쇼트헤어,5,2,신장/요로,치아/구강,
앵두2,앵두2,1,시츄,3,8,눈/귀,,
얌봉이,얌봉이,0,코리안 쇼트헤어,3,10,노령,피부/모질,
양별,양별,1,말티즈,3.5,8,치아/구강,,
양순이,양순이,0,터키시 앙고라,3,2,치아/구강,눈/귀,
양이1,양이1,0,코리안 쇼트헤어,6,2,비만,치아/구강,
양이2,양이2,1,시베리안 허스키,25,3,눈/귀,뼈/관절,피부/모질
양이3,양이3,0,먼치킨,5,3,비만,,
양이4,양이4,0,노르웨이숲,6,8,노령,행동,피부/모질
양파1,양파1,1,웰시 코기,3,3,행동,,
양파2,양파2,1,스피츠,9,8,비만,치아/구강,뼈/관절
에디,에디,1,푸들,4,8,노령,장,치아/구강
에폭시,에폭시,0,러시안 블루,2,7,비만,치아/구강,피부/모질
엘사,엘사,0,기타,4,5,피부/모질,,
여름2,여름2,0,코리안 쇼트헤어,7,6,비만,장,
여름3,여름3,0,믹스묘,7.5,7,비만,장,
여름이1,여름이1,1,골든 리트리버,30,3,장,행동,치아/구강
여름이3,여름이3,1,말티즈,6,7,비만,알러지,치아/구강
여름이4,여름이4,1,말티즈,6,7,비만,알러지,치아/구강
연두,연두,1,말티즈,1.7,1,알러지,치아/구강,뼈/관절
연두1,연두1,1,말티즈,1.7,1,알러지,치아/구강,뼈/관절
연탄이1,연탄이1,1,보더 콜리,3.4,1,피부/모질,,
연탄이2,연탄이2,1,포메라니안,3.1,2,뼈/관절,,
열무,열무,1,푸들,10,5,비만,행동,
영희,영희,1,믹스견,6,4,치아/구강,,
예삐1,예삐1,0,터키시 앙고라,4,5,신장/요로,치아/구강,눈/귀
예삐2,예삐2,1,말티즈,2,6,비만,치아/구강,뼈/관절
예삐3,예삐3,1,스피츠,5,6,치아/구강,,
예삐4,예삐4,1,스피츠,5,6,행동,,
예삐5,예삐5,1,믹스견,5,6,행동,치아/구강,
예삐6,예삐6,0,러시안 블루,3,11,노령,알러지,피부/모질
예삐7,예삐7,1,푸들,5,15,노령,치아/구강,눈/귀
예진,예진,0,코리안 쇼트헤어,5,5,신장/요로,치아/구강,뼈/관절
오,오,0,먼치킨,6,4,장,행동,눈/귀
오구,오구,0,러시안 블루,8,5,비만,치아/구강,뼈/관절
오뎅이,오뎅이,0,코리안 쇼트헤어,3,1,피부/모질,치아/구강,행동
오드,오드,0,페르시안,3,2,치아/구강,피부/모질,
오디,오디,1,닥스훈트,7,5,알러지,눈/귀,피부/모질
오랑,오랑,1,요크셔테리어,3,9,뼈/관절,,
오레오,오레오,0,아비시니안,4.5,5,장,피부/모질,
오메,오메,0,아메리칸 쇼트헤어,4.9,5,알러지,행동,눈/귀
오봉순,오봉순,1,비글,13,4,비만,알러지,뼈/관절
오셋,오셋,0,코리안 쇼트헤어,7,6,비만,치아/구강,
오월이1,오월이1,0,코리안 쇼트헤어,6,5,비만,신장/요로,눈/귀
오월이2,오월이2,0,스코티시 폴드,6,6,장,신장/요로,치아/구강
오키,오키,1,비숑 프리제,4,1,알러지,눈/귀,
옵티,옵티,1,믹스견,6,11,노령,치아/구강,뼈/관절
옹냥,옹냥,0,샴,4,3,행동,치아/구강,
옹이,옹이,0,코리안 쇼트헤어,5,7,비만,치아/구강,
와구,와구,1,치와와,3,3,알러지,치아/구강,
와기,와기,1,치와와,2,2,알러지,치아/구강,
완두,완두,1,포메라니안,2,8,비만,치아/구강,눈/귀
왕냉이,왕냉이,1,시츄,5,9,비만,,
왠디,왠디,1,믹스견,9,5,비만,장,행동
요루,요루,0,아메리칸 쇼트헤어,4,4,치아/구강,,
요코2,요코2,1,요크셔테리어,3,5,심장,,
용,용,0,러시안 블루,4,2,행동,,
용량이,용량이,0,아메리칸 쇼트헤어,2.7,2,행동,,
용순,용순,1,요크셔테리어,2,6,뼈/관절,,
용재,용재,0,노르웨이숲,3,2,피부/모질,,
우디,우디,0,아메리칸 쇼트헤어,4.2,1,피부/모질,눈/귀,
우리,우리,1,말티즈,4,9,노령,행동,치아/구강
우미,우미,0,브리티시 쇼트헤어,3,1,비만,심장,호흡기
우민,우민,1,포메라니안,4,8,노령,알러지,뼈/관절
우유1,우유1,0,코리안 쇼트헤어,3.5,1,치아/구강,,
우유2,우유2,1,비숑 프리제,4.7,1,뼈/관절,,
우유4,우유4,1,푸들,2,2,치아/구강,피부/모질,
우유5,우유5,0,터키시 앙고라,32,10,노령,눈/귀,피부/모질
운이,운이,1,말티즈,4,1,눈/귀,뼈/관절,피부/모질
웅이,웅이,1,말티즈,4,6,알러지,뼈/관절,
월,월,1,말티즈,3,5,알러지,눈/귀,
웰시코기 시츄 ,웰시코기 시츄 ,1,믹스견,9,11,노령,비만,행동
웰시코기 헬렌 / 올드 잉글리쉬 쉽독 에바,웰시코기 헬렌 / 올드 잉글리쉬 쉽독 에바,1,기타,25,11,노령,눈/귀,
윈디,윈디,1,시츄,5,4,치아/구강,눈/귀,뼈/관절
윌슨,윌슨,0,러시안 블루,4.5,2,비만,,
유별,유별,1,닥스훈트,6,5,장,치아/구강,
유월1,유월1,1,포메라니안,2,1,행동,뼈/관절,
유월2,유월2,0,코리안 쇼트헤어,5,5,비만,치아/구강,
율무1,율무1,0,아비시니안,4,1,신장/요로,치아/구강,뼈/관절
율무2,율무2,0,스코티시 폴드,5,3,뼈/관절,,
은달,은달,0,기타,3,2,치아/구강,피부/모질,
은비1,은비1,0,페르시안,4,2,비만,행동,눈/귀
은비2,은비2,1,푸들,3.5,3,치아/구강,,
은비3,은비3,1,믹스견,10,10,노령,비만,장
은이,은이,0,아메리칸 쇼트헤어,3,4,신장/요로,눈/귀,호흡기
의돌이,의돌이,0,벵갈,5.3,4,행동,,
이니,이니,0,샴,4,14,노령,신장/요로,치아/구강
이라미,이라미,1,요크셔테리어,4,11,노령,눈/귀,피부/모질
이뽀뽀,이뽀뽀,1,페키니즈,7,10,노령,알러지,눈/귀
이쁜이2,이쁜이2,1,말티즈,3.4,11,노령,눈/귀,뼈/관절
이삐,이삐,1,페키니즈,5,8,알러지,눈/귀,뼈/관절
이조한,이조한,0,코리안 쇼트헤어,3,18,노령,신장/요로,치아/구강
이혜진,이혜진,1,포메라니안,45,17,비만,,
일등이,일등이,1,푸들,5,6,눈/귀,뼈/관절,피부/모질
임마,임마,0,아메리칸 쇼트헤어,6,3,노령,신장/요로,뼈/관절
자두,자두,1,말티즈,7,5,치아/구강,뼈/관절,피부/모질
자몽1,자몽1,1,말티즈,4,2,신장/요로,,
장군,장군,1,말티즈,4,15,노령,알러지,심장
장군이1,장군이1,1,골든 리트리버,20,3,비만,치아/구강,피부/모질
장군이2,장군이2,0,벵갈,9,4,눈/귀,행동,피부/모질
장하비,장하비,1,치와와,4,6,비만,치아/구강,피부/모질
재규어,재규어,0,코리안 쇼트헤어,5,10,노령,신장/요로,치아/구강
제리,제리,1,기타,20,7,치아/구강,호흡기,피부/모질
제삐,제삐,0,코리안 쇼트헤어,4.3,1,뼈/관절,,
제이1,제이1,1,기타,6,2,알러지,뼈/관절,
제이2,제이2,1,말티즈,3,13,노령,치아/구강,피부/모질
제제,제제,1,치와와,4,7,비만,치아/구강,뼈/관절
제주,제주,0,코리안 쇼트헤어,4,5,신장/요로,치아/구강,피부/모질
젤리,젤리,1,말티즈,1,13,노령,치아/구강,뼈/관절
조니2,조니2,1,말티즈,4,15,노령,알러지,
조단,조단,1,비숑 프리제,3.2,1,알러지,피부/모질,호흡기
조던2,조던2,1,비숑 프리제,3.1,6,알러지,장,뼈/관절
조이,조이,0,코리안 쇼트헤어,4,1,치아/구강,,
조천방,조천방,0,샴,4,4,행동,치아/구강,뼈/관절
졸리,졸리,0,코리안 쇼트헤어,4,7,노령,신장/요로,
주먹이,주먹이,1,웰시 코기,8,2,장,행동,치아/구강
준이,준이,1,말티즈,4,3,피부/모질,,
준치,준치,0,코리안 쇼트헤어,6,7,노령,비만,치아/구강
쥬,쥬,1,요크셔테리어,6.5,8,비만,알러지,
지니,지니,1,말티즈,1,1,치아/구강,눈/귀,피부/모질
지코,지코,0,코리안 쇼트헤어,7,5,비만,호흡기,신장/요로
지후,지후,1,시츄,7,12,치아/구강,눈/귀,뼈/관절
진숙이,진숙이,0,믹스묘,3,1,행동,심장,장
진주1,진주1,1,치와와,5.4,3,치아/구강,뼈/관절,
진주2,진주2,0,코리안 쇼트헤어,5,10,노령,비만,치아/구강
짜똥이,짜똥이,1,파피용,4,2,행동,,
짝꿍,짝꿍,1,포메라니안,3.4,4,행동,,
짝콩,짝콩,0,코리안 쇼트헤어,5,7,비만,눈/귀,
짬뽕,짬뽕,1,말티즈,5,9,노령,치아/구강,호흡기
짱1,짱1,1,요크셔테리어,4,2,행동,,
짱2,짱2,1,푸들,3,15,노령,치아/구강,눈/귀
짱구,짱구,1,말티즈,3,3,비만,뼈/관절,
짱아3,짱아3,1,웰시 코기,15,11,노령,뼈/관절,
짱이6,짱이6,1,치와와,2,10,노령,치아/구강,뼈/관절
쩡이,쩡이,1,치와와,17,7,행동,,
쪼꼬1,쪼꼬1,0,코리안 쇼트헤어,3,4,신장/요로,치아/구강,호흡기
쪼꼬3,쪼꼬3,1,푸들,5,4,장,,
쪼꼬4,쪼꼬4,1,말티즈,6,7,비만,알러지,치아/구강
쪼꼬5,쪼꼬5,1,시츄,7,7,알러지,,
쪼꼬8,쪼꼬8,1,푸들,8,13,노령,당뇨,호흡기
쪼꼬9,쪼꼬9,1,포메라니안,3,15,노령,알러지,치아/구강
쪼꼼,쪼꼼,0,코리안 쇼트헤어,4,9,노령,비만,치아/구강
쪼맹,쪼맹,1,푸들,3.2,8,노령,뼈/관절,
쪼아,쪼아,0,스코티시 폴드,3,6,피부/모질,,
쪼코,쪼코,1,푸들,7,11,노령,비만,뼈/관절
쫄맹,쫄맹,1,치와와,2,10,노령,신장/요로,치아/구강
쫑1,쫑1,1,푸들,4,4,치아/구강,눈/귀,뼈/관절
쫑2,쫑2,1,코커 스패니얼,10,7,눈/귀,피부/모질,
쫑아,쫑아,1,요크셔테리어,2,12,노령,치아/구강,뼈/관절
쫑이2,쫑이2,1,말티즈,4,9,치아/구강,눈/귀,피부/모질
쬬리1,쬬리1,0,먼치킨,4.5,2,심장,눈/귀,신장/요로
쬬리3,쬬리3,1,믹스견,4,6,알러지,행동,치아/구강
쬬리4,쬬리4,1,믹스견,4,6,치아/구강,행동,
쬬리6,쬬리6,1,시츄,4,9,알러지,뼈/관절,
쭈1,쭈1,0,먼치킨,3.4,1,호흡기,,
쭈2,쭈2,1,시츄,5,2,알러지,피부/모질,
쭈3,쭈3,1,포메라니안,5,4,치아/구강,뼈/관절,
쭈꾸미,쭈꾸미,0,코리안 쇼트헤어,7,2,비만,알러지,신장/요로
쭈쭈,쭈쭈,1,믹스견,5,2,행동,치아/구강,뼈/관절
쭌1,쭌1,1,믹스견,10,7,노령,신장/요로,뼈/관절
쭌이,쭌이,1,믹스견,10,7,노령,치아/구강,신장/요로
쮸디,쮸디,0,페르시안,3,6,신장/요로,치아/구강,피부/모질
찐빵이,찐빵이,1,말티즈,6,7,비만,알러지,치아/구강
찔이,찔이,1,시츄,4,8,치아/구강,피부/모질,행동
찡찡이,찡찡이,0,믹스묘,8,10,노령,비만,
차니,차니,1,진돗개,7.7,3,비만,,
차송1,차송1,0,코리안 쇼트헤어,3.4,13,노령,눈/귀,신장/요로
참치2,참치2,1,말티즈,4,7,노령,,
채리3,채리3,1,말티즈,1.68,5,뼈/관절,,
천명,천명,1,믹스견,13,5,알러지,행동,피부/모질
첫째,첫째,0,코리안 쇼트헤어,5,5,장,알러지,치아/구강
청이,청이,0,랙돌,0.9,3,알러지,장,행동
청하1,청하1,1,말티즈,3.1,4,뼈/관절,,
청하2,청하2,1,말티즈,3,4,알러지,뼈/관절,피부/모질
청하3,청하3,1,말티즈,3,5,알러지,피부/모질,
청하4,청하4,1,말티즈,3,5,노령,뼈/관절,피부/모질
청하6,청하6,1,말티즈,3,5,알러지,뼈/관절,
체리1,체리1,1,시츄,5,3,장,치아/구강,뼈/관절
체리2,체리2,1,기타,35,3,비만,행동,
체리3,체리3,1,요크셔테리어,2,17,노령,눈/귀,뼈/관절
체리4,체리4,0,믹스묘,4,5,치아/구강,호흡기,피부/모질
초롱1,초롱1,1,말티즈,3.3,4,장,뼈/관절,
초롱2,초롱2,1,말티즈,3.7,9,노령,뼈/관절,눈/귀
초롱4,초롱4,1,푸들,6,11,노령,알러지,
초롱5,초롱5,1,요크셔테리어,2,18,노령,장,뼈/관절
초롱이1,초롱이1,1,말티즈,5,3,장,,
초롱이2,초롱이2,1,포메라니안,3,3,치아/구강,뼈/관절,
초롱이3,초롱이3,1,포메라니안,2,4,치아/구강,피부/모질,
초롱이4,초롱이4,1,믹스견,3.2,8,비만,알러지,피부/모질
초코1,초코1,1,말티즈,3,1,알러지,장,심장
초코11,초코11,1,시츄,5,5,치아/구강,눈/귀,뼈/관절
초코12,초코12,1,믹스견,4,6,치아/구강,행동,
초코16,초코16,0,샴,2,10,노령,장,
초코17,초코17,1,푸들,4,10,노령,치아/구강,뼈/관절
초코19,초코19,1,푸들,3,12,노령,치아/구강,눈/귀
초코2,초코2,0,노르웨이숲,6,2,신장/요로,심장,
초코20,초코20,1,말티즈,3,13,노령,치아/구강,눈/귀
초코22,초코22,1,닥스훈트,8,13,노령,치아/구강,눈/귀
초코24,초코24,0,샴,3,17,노령,신장/요로,
초코3,초코3,0,노르웨이숲,6,2,장,신장/요로,
초코4,초코4,0,러시안 블루,6,2,장,심장,
초코6,초코6,0,샴,3,3,장,치아/구강,눈/귀
초코7,초코7,1,요크셔테리어,2,4,눈/귀,뼈/관절,
초코8,초코8,1,푸들,7,4,알러지,장,뼈/관절
초코9,초코9,1,믹스견,8,5,행동,피부/모질,
초콜릿,초콜릿,1,시베리안 허스키,18,4,행동,,
초파,초파,1,보더 콜리,3.6,1,뼈/관절,,
최뽀미,최뽀미,1,포메라니안,3,1,치아/구강,눈/귀,뼈/관절
최알콩,최알콩,1,말티즈,5,2,치아/구강,눈/귀,뼈/관절
최양,최양,0,코리안 쇼트헤어,4,8,노령,치아/구강,피부/모질
최장군,최장군,0,믹스묘,6,2,치아/구강,눈/귀,호흡기
쵸,쵸,1,페키니즈,5,13,노령,눈/귀,뼈/관절
추추,추추,1,시츄,6,3,피부/모질,,
추탱,추탱,1,시츄,8,2,행동,,
춘심이,춘심이,0,코리안 쇼트헤어,6,5,알러지,치아/구강,
츄,츄,1,푸들,3.3,1,알러지,,
치와,치와,1,치와와,2,1,비만,장,행동
치이,치이,0,먼치킨,8,4,신장/요로,행동,치아/구강
치즈1,치즈1,1,믹스견,3.5,1,치아/구강,행동,
치즈3,치즈3,0,믹스묘,4,1,치아/구강,,
치즈5,치즈5,1,믹스견,3.5,1,치아/구강,,
치즈6,치즈6,0,코리안 쇼트헤어,5,2,피부/모질,,
치즈7,치즈7,0,러시안 블루,8,4,비만,치아/구강,눈/귀
치즈태비,치즈태비,0,코리안 쇼트헤어,10,5,비만,치아/구강,
치치1,치치1,1,웰시 코기,8,1,알러지,치아/구강,피부/모질
치치2,치치2,0,러시안 블루,2.5,2,행동,,
치치3,치치3,0,먼치킨,3.7,3,피부/모질,장,행동
치치4,치치4,0,코리안 쇼트헤어,4,15,노령,신장/요로,치아/구강
치치5,치치5,0,러시안 블루,4,16,노령,신장/요로,피부/모질
치토,치토,1,비숑 프리제,4,1,눈/귀,뼈/관절,
카고,카고,1,시츄,2,2,행동,뼈/관절,
카리떼,카리떼,1,프렌치 불독,3,3,비만,뼈/관절,치아/구강
카오,카오,1,요크셔테리어,3,2,알러지,행동,피부/모질
카키,카키,0,먼치킨,4.3,1,비만,,
칸쵸1,칸쵸1,0,랙돌,4,7,치아/구강,눈/귀,
칸쵸2,칸쵸2,1,푸들,6,8,노령,피부/모질,뼈/관절
캐리1,캐리1,1,믹스견,5,7,행동,,
캐리2,캐리2,1,믹스견,5,7,비만,,
캐리3,캐리3,1,믹스견,5,7,치아/구강,,
캔디1,캔디1,1,시츄,4,5,노령,치아/구강,
캔디2,캔디2,1,달마시안,12,6,노령,,
커피,커피,1,포메라니안,3.5,2,알러지,피부/모질,
케일,케일,0,샴,8,5,알러지,비만,
코기2,코기2,1,웰시 코기,8.5,2,뼈/관절,장,비만
코기3,코기3,0,먼치킨,6.8,5,알러지,피부/모질,
코기4,코기4,1,웰시 코기,12,7,노령,비만,치아/구강
코니1,코니1,1,보더 콜리,16,1,뼈/관절,,
코모,코모,0,페르시안,5,2,행동,피부/모질,
코미,코미,0,코리안 쇼트헤어,5,11,노령,장,치아/구강
코추,코추,0,아메리칸 쇼트헤어,5,5,알러지,신장/요로,
코코1,코코1,0,코리안 쇼트헤어,4,1,피부/모질,,
코코10,코코10,0,스코티시 폴드,13,3,행동,,
코코11,코코11,1,말티즈,5,3,노령,장,치아/구강
코코12,코코12,0,스코티시 폴드,4.3,3,비만,알러지,신장/요로
코코14,코코14,1,푸들,6,3,비만,치아/구강,
코코15,코코15,1,포메라니안,3,3,알러지,,
코코17,코코17,1,믹스견,34,4,비만,행동,눈/귀
코코18,코코18,0,샴,3.7,4,행동,,
코코2,코코2,0,먼치킨,4,2,뼈/관절,치아/구강,비만
코코20,코코20,1,치와와,4.8,5,비만,뼈/관절,
코코21,코코21,1,기타,11,5,장,치아/구강,눈/귀
코코22,코코22,1,푸들,5,5,눈/귀,피부/모질,
코코23,코코23,1,포메라니안,5,5,비만,행동,뼈/관절
코코24,코코24,1,말티즈,6,7,비만,알러지,치아/구강
코코25,코코25,1,푸들,7,7,비만,호흡기,
코코27,코코27,1,요크셔테리어,3,8,노령,알러지,피부/모질
코코29,코코29,1,푸들,6,9,치아/구강,눈/귀,피부/모질
코코3,코코3,1,웰시 코기,3.4,2,알러지,장,뼈/관절
코코30,코코30,1,말티즈,3.2,10,노령,심장,치아/구강
코코31,코코31,1,믹스견,6.7,10,노령,치아/구강,
코코32,코코32,1,말티즈,2,10,노령,치아/구강,뼈/관절
코코33,코코33,1,푸들,2.7,14,피부/모질,심장,호흡기
코코35,코코35,1,푸들,2.7,14,노령,뼈/관절,호흡기
코코36,코코36,0,러시안 블루,4,17,노령,알러지,
코코37,코코37,0,코리안 쇼트헤어,8,2,비만,,
코코38,코코38,0,코리안 쇼트헤어,7.8,12,노령,신장/요로,치아/구강
코코4,코코4,0,스코티시 폴드,5,2,비만,장,치아/구강
코코5,코코5,0,러시안 블루,4,2,뼈/관절,치아/구강,비만
코코6,코코6,1,푸들,7.7,2,비만,치아/구강,뼈/관절
코코7,코코7,0,스코티시 폴드,3.1,2,알러지,치아/구강,눈/귀
코코8,코코8,1,웰시 코기,10.4,2,장,행동,뼈/관절
코코9,코코9,0,아메리칸 쇼트헤어,7,3,치아/구강,피부/모질,
콘스탄틴,콘스탄틴,0,아메리칸 쇼트헤어,6,5,심장,행동,치아/구강
콜라3,콜라3,1,믹스견,10,7,치아/구강,뼈/관절,피부/모질
콜라4,콜라4,1,푸들,4,13,노령,알러지,눈/귀
콜락이,콜락이,1,포메라니안,5,4,비만,심장,뼈/관절
콩2,콩2,1,포메라니안,2,3,피부/모질,,
콩3,콩3,1,믹스견,15,4,뼈/관절,,
콩4,콩4,0,샴,4,4,장,치아/구강,뼈/관절
콩6,콩6,1,믹스견,4,18,노령,장,
콩식,콩식,1,미니어쳐 핀셔,6,2,뼈/관절,피부/모질,
콩이1,콩이1,0,코리안 쇼트헤어,6,2,행동,치아/구강,피부/모질
콩이11,콩이11,1,푸들,3.5,7,비만,알러지,피부/모질
콩이13,콩이13,1,말티즈,3,8,노령,눈/귀,뼈/관절
콩이14,콩이14,1,푸들,3,8,노령,심장,
콩이15,콩이15,1,요크셔테리어,4,9,심장,뼈/관절,피부/모질
콩이16,콩이16,1,말티즈,3,10,뼈/관절,피부/모질,
콩이17,콩이17,1,믹스견,7,10,노령,비만,뼈/관절
콩이18,콩이18,1,말티즈,5,10,노령,비만,심장
콩이19,콩이19,1,푸들,5,10,노령,알러지,장
콩이2,콩이2,1,푸들,2,2,눈/귀,,
콩이3,콩이3,1,포메라니안,2,3,알러지,장,
콩이5,콩이5,1,말티즈,4,4,피부/모질,치아/구강,알러지
콩이6,콩이6,1,말티즈,4,5,행동,뼈/관절,
콩이7,콩이7,1,시바견,8,5,행동,치아/구강,
콩이9,콩이9,1,말티즈,4,5,행동,뼈/관절,치아/구강
콩지,콩지,1,말티즈,2,5,호흡기,,
콩콩이1,콩콩이1,1,시츄,5,1,치아/구강,,
콩콩이2,콩콩이2,0,믹스묘,5,4,알러지,장,
쿄쿄,쿄쿄,0,스코티시 폴드,3,2,뼈/관절,,
쿠앤크,쿠앤크,1,달마시안,23,4,노령,피부/모질,뼈/관절
쿠쿠,쿠쿠,0,샴,4,3,피부/모질,,
쿠키1,쿠키1,1,말티즈,3.3,1,장,,
쿠키10,쿠키10,1,믹스견,5,6,행동,,
쿠키11,쿠키11,1,요크셔테리어,3,10,노령,치아/구강,피부/모질
쿠키12,쿠키12,1,푸들,3,10,노령,장,신장/요로
쿠키13,쿠키13,1,말티즈,3,11,노령,뼈/관절,
쿠키14,쿠키14,1,믹스견,4,18,노령,뼈/관절,피부/모질
쿠키4,쿠키4,1,믹스견,10,5,행동,치아/구강,
쿠키6,쿠키6,0,스핑크스,6.7,5,장,치아/구강,
쿠키7,쿠키7,0,코리안 쇼트헤어,5,5,알러지,눈/귀,
쿠키8,쿠키8,1,말티즈,5.5,6,치아/구강,눈/귀,피부/모질
쿠키9,쿠키9,1,스피츠,5,6,행동,,
쿤1,쿤1,1,웰시 코기,4.5,3,비만,,
쿤2,쿤2,1,웰시 코기,4,3,장,비만,
쿤3,쿤3,1,푸들,8,6,눈/귀,,
큐티,큐티,0,페르시안,6,4,비만,뼈/관절,피부/모질
크롱,크롱,1,말티즈,6,7,비만,알러지,치아/구강
크리스티나1,크리스티나1,1,요크셔테리어,2.8,11,노령,비만,눈/귀
크림1,크림1,1,스피츠,5,6,행동,,
크림3,크림3,0,터키시 앙고라,7,10,노령,비만,장
키조,키조,0,맹크스,2.6,2,알러지,,
키키1,키키1,0,스코티시 폴드,4.3,3,비만,알러지,신장/요로
킹1,킹1,1,말티즈,4,2,눈/귀,뼈/관절,피부/모질
킹2,킹2,0,벵갈,7,8,장,,
타미,타미,0,코리안 쇼트헤어,6,2,비만,치아/구강,호흡기
타투,타투,0,믹스묘,18,12,노령,신장/요로,뼈/관절
탄,탄,0,브리티시 쇼트헤어,2,1,노령,비만,
탄이3,탄이3,1,포메라니안,4,1,비만,,
탄이4,탄이4,1,웰시 코기,16,4,비만,피부/모질,
탕이,탕이,1,믹스견,4,6,치아/구강,행동,
태민,태민,1,말티즈,6,8,노령,치아/구강,
태산,태산,1,기타,9,6,비만,치아/구강,눈/귀
태양이,태양이,1,포메라니안,5,11,노령,눈/귀,피부/모질
탭이,탭이,0,터키시 앙고라,4,4,치아/구강,,
탱고,탱고,1,말티즈,3,10,노령,치아/구강,뼈/관절
탱이,탱이,1,말티즈,5,8,노령,비만,피부/모질
테리1,테리1,1,요크셔테리어,6,9,행동,,
토로,토로,1,푸들,5,6,치아/구강,눈/귀,뼈/관절
토루,토루,1,말티즈,4,2,행동,,
토르1,토르1,1,포메라니안,3,1,비만,알러지,치아/구강
토르3,토르3,1,기타,9,3,행동,치아/구강,뼈/관절
토리1,토리1,1,푸들,3.5,1,뼈/관절,알러지,
토리2,토리2,1,푸들,4,3,비만,치아/구강,뼈/관절
토리3,토리3,0,코리안 쇼트헤어,5.5,3,비만,신장/요로,피부/모질
토리4,토리4,0,믹스묘,10.9,6,알러지,,
토리5,토리5,1,말티즈,5,9,눈/귀,피부/모질,
토바,토바,0,코리안 쇼트헤어,13,3,치아/구강,,
토토2,토토2,1,말티즈,2,2,행동,치아/구강,
토토3,토토3,1,말티즈,2.7,3,장,,
토토4,토토4,1,포메라니안,3,3,행동,뼈/관절,
토토5,토토5,1,시츄,7,8,노령,비만,뼈/관절
통이,통이,1,포메라니안,4,2,호흡기,뼈/관절,피부/모질
튼실,튼실,1,요크셔테리어,5,14,노령,눈/귀,피부/모질
튼튼이,튼튼이,1,요크셔테리어,2,5,심장,호흡기,뼈/관절
티나,티나,1,골든 리트리버,23,5,비만,치아/구강,뼈/관절
티모1,티모1,0,아비시니안,5,2,피부/모질,,
티모2,티모2,1,믹스견,4.2,7,치아/구강,뼈/관절,
티미,티미,1,기타,9,4,치아/구강,피부/모질,
파니,파니,1,말티즈,3.4,7,노령,비만,뼈/관절
파랑이,파랑이,1,말티즈,4,2,치아/구강,호흡기,
파피,파피,1,포메라니안,3.3,1,장,,
팡이2,팡이2,1,믹스견,4,6,행동,,
팡이3,팡이3,1,믹스견,4,6,치아/구강,,
팡이4,팡이4,1,믹스견,4,6,치아/구강,행동,
팡팡,팡팡,1,말티즈,3,3,뼈/관절,알러지,치아/구강
패리,패리,0,먼치킨,3,3,알러지,행동,치아/구강
펄,펄,0,페르시안,3,2,장,치아/구강,호흡기
페르시안,페르시안,0,페르시안,3.5,6,치아/구강,뼈/관절,피부/모질
포가,포가,1,푸들,7.1,5,알러지,노령,
포도1,포도1,1,믹스견,12,6,눈/귀,치아/구강,신장/요로
포도2,포도2,1,믹스견,12,6,치아/구강,,
포도3,포도3,0,믹스묘,5,6,신장/요로,눈/귀,피부/모질
포도5,포도5,1,말티즈,2,7,노령,호흡기,뼈/관절
포미,포미,1,포메라니안,2.3,4,뼈/관절,,
포코1,포코1,1,포메라니안,5.2,3,알러지,뼈/관절,피부/모질
포코4,포코4,1,포메라니안,5.2,3,치아/구강,뼈/관절,피부/모질
포포5,포포5,1,포메라니안,4,2,알러지,비만,
포포6,포포6,1,포메라니안,2.5,3,치아/구강,,
포포리,포포리,1,비숑 프리제,6,4,알러지,피부/모질,
폴2,폴2,0,코리안 쇼트헤어,6,9,노령,치아/구강,호흡기
폴카,폴카,1,말티즈,2,3,알러지,치아/구강,피부/모질
폼피츠,폼피츠,1,믹스견,5,6,행동,,
퐁듀,퐁듀,0,코리안 쇼트헤어,8,4,비만,장,
퐁미,퐁미,1,포메라니안,5,3,비만,치아/구강,눈/귀
푸1,푸1,1,푸들,4,12,뼈/관절,신장/요로,노령
푸2,푸2,1,푸들,4,12,노령,신장/요로,심장
푸들,푸들,1,믹스견,3,19,노령,장,심장
푸리,푸리,1,푸들,8,1,비만,눈/귀,
푸스,푸스,0,샴,4.7,7,노령,눈/귀,뼈/관절
푸틴,푸틴,0,러시안 블루,4,3,신장/요로,눈/귀,뼈/관절
프스,프스,1,푸들,6,15,노령,치아/구강,눈/귀
프이,프이,0,러시안 블루,3,12,노령,눈/귀,
피오나,피오나,1,믹스견,15,3,비만,,
핀추,핀추,1,미니어쳐 핀셔,5,3,행동,눈/귀,호흡기
핑크,핑크,1,말티즈,3,14,노령,눈/귀,피부/모질
하나1,하나1,1,시바견,10,1,행동,피부/모질,
하나2,하나2,1,요크셔테리어,3,2,노령,행동,뼈/관절
하나4,하나4,1,골든 리트리버,33,8,행동,,
하늘1,하늘1,1,말티즈,3.5,1,장,눈/귀,피부/모질
하늘3,하늘3,0,페르시안,4,7,노령,신장/요로,눈/귀
하늘이2,하늘이2,1,웰시 코기,12,3,행동,,
하니1,하니1,1,비숑 프리제,7,3,장,뼈/관절,
하니3,하니3,1,웰시 코기,8,7,비만,행동,
하랑이,하랑이,0,코리안 쇼트헤어,6,8,노령,비만,치아/구강
하루1,하루1,0,브리티시 쇼트헤어,5,3,알러지,치아/구강,눈/귀
하루2,하루2,0,코리안 쇼트헤어,4,3,비만,장,행동
하루4,하루4,1,말티즈,5,11,알러지,행동,피부/모질
하루5,하루5,1,믹스견,5.2,12,심장,호흡기,신장/요로
하루6,하루6,1,말티즈,3,13,노령,눈/귀,호흡기
하비3,하비3,1,말티즈,3,2,치아/구강,뼈/관절,
하양,하양,0,코리안 쇼트헤어,5,13,노령,비만,치아/구강
하양이,하양이,0,아메리칸 쇼트헤어,4,7,비만,치아/구강,눈/귀
하이,하이,1,말티즈,2.9,10,노령,장,눈/귀
하트,하트,0,터키시 앙고라,4,2,알러지,행동,
학돌이,학돌이,0,러시안 블루,4,9,노령,신장/요로,심장
한모,한모,1,말티즈,5,6,알러지,눈/귀,피부/모질
해로,해로,1,말티즈,3,4,알러지,치아/구강,호흡기
해리1,해리1,1,요크셔테리어,5,5,치아/구강,뼈/관절,피부/모질
해리2,해리2,0,믹스묘,7,6,장,행동,
해리4,해리4,1,푸들,5,11,노령,비만,알러지
해리5,해리5,1,말티즈,5,14,노령,눈/귀,
해머,해머,1,프렌치 불독,12,6,노령,호흡기,
해피1,해피1,1,말티즈,3,1,행동,,
해피10,해피10,0,기타,6,5,장,눈/귀,호흡기
해피11,해피11,1,미니어쳐 핀셔,5,6,눈/귀,피부/모질,
해피13,해피13,1,시츄,6,9,노령,,
해피15,해피15,1,포메라니안,2.5,10,노령,눈/귀,피부/모질
해피16,해피16,1,말티즈,3,12,노령,눈/귀,뼈/관절
해피17,해피17,1,말티즈,3,14,노령,신장/요로,치아/구강
해피2,해피2,1,요크셔테리어,3.3,1,피부/모질,,
해피4,해피4,1,푸들,3.3,2,행동,,
해피7,해피7,0,코리안 쇼트헤어,7,3,비만,,
해피8,해피8,1,치와와,4,4,비만,,
해피9,해피9,1,푸들,7,5,알러지,눈/귀,
햄,햄,1,믹스견,3.5,5,알러지,장,치아/구강
햇님1,햇님1,0,기타,4,5,노령,비만,피부/모질
햇님2,햇님2,1,시츄,3,17,노령,눈/귀,
햇반3,햇반3,1,말티즈,6,7,비만,알러지,치아/구강
햇밧,햇밧,1,말티즈,6,7,비만,알러지,치아/구강
행복,행복,0,러시안 블루,5,3,행동,,
행복이1,행복이1,1,푸들,3,3,행동,,
행복이2,행복이2,1,믹스견,4,6,치아/구강,행동,
행복이4,행복이4,1,코커 스패니얼,8,8,노령,비만,눈/귀
행운이,행운이,1,보더 콜리,23,2,비만,피부/모질,
허스,허스,1,시베리안 허스키,7,5,비만,당뇨,
헤보,헤보,1,믹스견,5,12,비만,치아/구강,호흡기
현미,현미,0,코리안 쇼트헤어,5,2,장,행동,
현지,현지,1,푸들,2.3,9,노령,뼈/관절,치아/구강
현지 ,현지 ,1,푸들,2.3,9,노령,치아/구강,뼈/관절
호돌이,호돌이,1,믹스견,10,2,당뇨,치아/구강,피부/모질
호동1,호동1,1,말티즈,2,8,치아/구강,뼈/관절,피부/모질
호동2,호동2,1,말티즈,2,8,노령,치아/구강,뼈/관절
호두10,호두10,1,요크셔테리어,2.5,10,노령,치아/구강,호흡기
호두2,호두2,1,믹스견,6,2,알러지,눈/귀,
호두3,호두3,1,푸들,4,3,행동,치아/구강,
호두4,호두4,1,말티즈,3,3,알러지,호흡기,피부/모질
호두5,호두5,1,포메라니안,3,3,노령,장,뼈/관절
호두6,호두6,1,믹스견,12,4,비만,신장/요로,행동
호두7,호두7,1,푸들,6,6,장,치아/구강,
호두9,호두9,1,요크셔테리어,2.5,10,노령,비만,치아/구강
호랑2,호랑2,0,코리안 쇼트헤어,7,9,노령,비만,치아/구강
호야10,호야10,1,기타,4,6,행동,,
호야11,호야11,1,포메라니안,3,9,노령,신장/요로,심장
호야3,호야3,1,푸들,8,3,알러지,,
호야4,호야4,1,치와와,2,4,장,뼈/관절,
호야5,호야5,1,골든 리트리버,35,5,장,,
호야6,호야6,1,골든 리트리버,35,5,신장/요로,장,
호야7,호야7,1,골든 리트리버,35,5,신장/요로,심장,
호야8,호야8,1,골든 리트리버,35,5,장,신장/요로,눈/귀
호야9,호야9,1,믹스견,4,6,행동,,
호잉,호잉,1,말티즈,4,10,노령,심장,호흡기
호치,호치,0,믹스묘,5.2,11,노령,비만,피부/모질
홍시,홍시,0,믹스묘,4,3,치아/구강,,
홍철,홍철,0,코리안 쇼트헤어,5,9,신장/요로,치아/구강,
화이트1,화이트1,1,믹스견,5,6,행동,,
황금,황금,1,기타,20,3,행동,피부/모질,
황금이,황금이,1,골든 리트리버,5,3,비만,눈/귀,호흡기
회몽,회몽,0,터키시 앙고라,4,3,장,치아/구강,
후추1,후추1,0,랙돌,2,1,비만,장,피부/모질
후추2,후추2,0,페르시안,6,2,행동,,
후추3,후추3,0,믹스묘,6,5,치아/구강,,
훈이,훈이,1,푸들,7,6,치아/구강,뼈/관절,행동
희망이,희망이,1,골든 리트리버,35,3,피부/모질,,
흰둥이3,흰둥이3,1,말티즈,4,3,피부/모질,,
흰둥이4,흰둥이4,1,말티즈,3.2,6,비만,심장,호흡기
흰둥이5,흰둥이5,0,페르시안,3.8,8,노령,신장/요로,치아/구강
히,히,1,믹스견,10,5,비만,호흡기,뼈/관절
히로,히로,0,러시안 블루,5,16,노령,신장/요로,치아/구강